table,column,executions
prod_homecare_actransactional_organization.provider,providerid,119659
prod_homecare_actransactional_organization.provider,providerorganizationid,34516
prod_homecare_actransactional_organization.provider,name,29553
prod_homecare_actransactional_organization.provider,ispace,28585
prod_homecare_actransactional_organization.provider,postalcode,7962
prod_homecare_actransactional_organization.provider,postalcodeid,7956
prod_homecare_actransactional_organization.provider,deleted,4514
prod_homecare_actransactional_organization.provider,orgid,2555
prod_homecare_actransactional_organization.provider,hcamuserid,2290
prod_homecare_actransactional_organization.provider,nowarmtransferallowed,2086
prod_homecare_actransactional_organization.provider,providerstatustypeid,2025
prod_homecare_actransactional_organization.provider,warmtransferphonenumber,2003
prod_homecare_actransactional_organization.provider,billingtypeid,1917
prod_homecare_actransactional_organization.provider,modifiedby,1552
prod_homecare_actransactional_organization.provider,createdon,1552
prod_homecare_actransactional_organization.provider,modifiedon,1552
prod_homecare_actransactional_organization.provider,createdby,1552
prod_homecare_actransactional_organization.provider,agingcareprofilepage,1481
prod_homecare_actransactional_organization.provider,sfrecordid,1481
prod_homecare_actransactional_organization.provider,sysstarttime,1481
prod_homecare_actransactional_organization.provider,warmtransferafterhoursphonetypeid,1481
prod_homecare_actransactional_organization.provider,profiledescription,1481
prod_homecare_actransactional_organization.provider,profilesupplieddescription,1481
prod_homecare_actransactional_organization.provider,primaryphonetypeid,1481
prod_homecare_actransactional_organization.provider,carecoordinatoruserid,1481
prod_homecare_actransactional_organization.provider,rate,1481
prod_homecare_actransactional_organization.provider,freetrialexpirationdate,1481
prod_homecare_actransactional_organization.provider,fax,1481
prod_homecare_actransactional_organization.provider,address,1481
prod_homecare_actransactional_organization.provider,warmtransferafterhoursphonenumber,1481
prod_homecare_actransactional_organization.provider,activationon,1481
prod_homecare_actransactional_organization.provider,warmtransferphonetypeid,1481
prod_homecare_actransactional_organization.provider,profiledescribecaregivers,1481
prod_homecare_actransactional_organization.provider,profilemissionstatement,1481
prod_homecare_actransactional_organization.provider,providerreferralratelimitid,1481
prod_homecare_actransactional_organization.provider,warmtransferstarttime,1481
prod_homecare_actransactional_organization.provider,addon,1481
prod_homecare_actransactional_organization.provider,warmtransferafterhoursstarttime,1481
prod_homecare_actransactional_organization.provider,warmtransferphoneextension,1481
prod_homecare_actransactional_organization.provider,profileextracaregivertraining,1481
prod_homecare_actransactional_organization.provider,warmtransferexternalcallcenter,1481
prod_homecare_actransactional_organization.provider,warmtransferendtime,1481
prod_homecare_actransactional_organization.provider,sysendtime,1481
prod_homecare_actransactional_organization.provider,displayorganizationlogo,1481
prod_homecare_actransactional_organization.provider,_fivetran_synced,1481
prod_homecare_actransactional_organization.provider,primaryphone,1481
prod_homecare_actransactional_organization.provider,profilefranchiselocation,1481
prod_homecare_actransactional_organization.provider,profilesummarydescription,1481
prod_homecare_actransactional_organization.provider,accountspecialistuserid,1481
prod_homecare_actransactional_organization.provider,excludebillingreminders,1481
prod_homecare_actransactional_organization.provider,reviewedbillingperiodid,1481
prod_homecare_actransactional_organization.provider,profiletrademarkagencydetails,1481
prod_homecare_actransactional_organization.provider,profilelocalserviceareanickname,1481
prod_homecare_actransactional_organization.provider,datefounded,1481
prod_homecare_actransactional_organization.provider,minimumfee,1481
prod_homecare_actransactional_organization.provider,zipaddon,1481
prod_homecare_actransactional_organization.provider,address2,1481
prod_homecare_actransactional_organization.provider,profilefranchisename,1481
prod_homecare_actransactional_organization.provider,_fivetran_deleted,1481
prod_homecare_actransactional_organization.provider,warmtransferafterhourstimezoneoffset,1481
prod_homecare_actransactional_organization.provider,providerlogo,1481
prod_homecare_actransactional_organization.provider,website,1481
prod_homecare_actransactional_organization.provider,warmtransferafterhoursphoneextension,1481
prod_homecare_actransactional_organization.provider,warmtransfertimezoneoffset,1481
prod_homecare_actransactional_organization.provider,warmtransferafterhoursendtime,1481
prod_homecare_actransactional_organization.provider,freetrial,1481
prod_homecare_actransactional_organization.provider,slppcreditaccountid,1481
prod_homecare_actransactional_organization.provider,profileownersname,1481
prod_homecare_actransactional_organization.provider,graceonboardedon,953
prod_homecare_acreporting_reporting.cartproviderhistory,providerid,42235
prod_homecare_acreporting_reporting.cartproviderhistory,orderid,40826
prod_homecare_acreporting_reporting.cartproviderhistory,date,28728
prod_homecare_acreporting_reporting.cartproviderhistory,orderstatus,25563
prod_homecare_acreporting_reporting.cartproviderhistory,orderstatusreason,24373
prod_homecare_acreporting_reporting.cartproviderhistory,providername,13704
prod_homecare_acreporting_reporting.cartproviderhistory,contracttype,13107
prod_homecare_acreporting_reporting.cartproviderhistory,monthlycap,10088
prod_homecare_acreporting_reporting.cartproviderhistory,accountid,8993
prod_homecare_acreporting_reporting.cartproviderhistory,monthlysent,8203
prod_homecare_acreporting_reporting.cartproviderhistory,cartproviderhistoryid,2804
prod_homecare_acreporting_reporting.cartproviderhistory,csm,1814
prod_homecare_acreporting_reporting.cartproviderhistory,ccfail,880
prod_homecare_acreporting_reporting.cartproviderhistory,ordername,273
prod_homecare_actransactional_ordermanagement.order,orderid,44862
prod_homecare_actransactional_ordermanagement.order,createdon,36928
prod_homecare_actransactional_ordermanagement.order,orderstatustypeid,34713
prod_homecare_actransactional_ordermanagement.order,orderstatusreasontypeid,34691
prod_homecare_actransactional_ordermanagement.order,accountid,18916
prod_homecare_actransactional_ordermanagement.order,billingtypeid,11922
prod_homecare_actransactional_ordermanagement.order,servicetypeid,10366
prod_homecare_actransactional_ordermanagement.order,costperlead,7403
prod_homecare_actransactional_ordermanagement.order,name,6066
prod_homecare_actransactional_ordermanagement.order,prepaidtotal,5324
prod_homecare_actransactional_ordermanagement.order,prepaidautorenew,5252
prod_homecare_actransactional_ordermanagement.order,orderstatussubreasontypeid,4555
prod_homecare_actransactional_ordermanagement.order,orderstatusreasonnote,4447
prod_homecare_actransactional_ordermanagement.order,sfrecordid,4443
prod_homecare_actransactional_ordermanagement.order,sysstarttime,4443
prod_homecare_actransactional_ordermanagement.order,packagetotalcap,4443
prod_homecare_actransactional_ordermanagement.order,rate,4443
prod_homecare_actransactional_ordermanagement.order,monthlyavailable,4443
prod_homecare_actransactional_ordermanagement.order,matchrulesetid,4443
prod_homecare_actransactional_ordermanagement.order,dailysent,4443
prod_homecare_actransactional_ordermanagement.order,postalmatch,4443
prod_homecare_actransactional_ordermanagement.order,modifiedby,4443
prod_homecare_actransactional_ordermanagement.order,highpriority,4443
prod_homecare_actransactional_ordermanagement.order,totalavailable,4443
prod_homecare_actransactional_ordermanagement.order,activationdate,4443
prod_homecare_actransactional_ordermanagement.order,dailycap,4443
prod_homecare_actransactional_ordermanagement.order,htmonthlycap,4443
prod_homecare_actransactional_ordermanagement.order,proximitylimit,4443
prod_homecare_actransactional_ordermanagement.order,_fivetran_synced,4443
prod_homecare_actransactional_ordermanagement.order,confirmationmailsent,4443
prod_homecare_actransactional_ordermanagement.order,sysendtime,4443
prod_homecare_actransactional_ordermanagement.order,totalcap,4443
prod_homecare_actransactional_ordermanagement.order,totalsent,4443
prod_homecare_actransactional_ordermanagement.order,createdby,4443
prod_homecare_actransactional_ordermanagement.order,autorenew,4443
prod_homecare_actransactional_ordermanagement.order,isprefundedpackage,4443
prod_homecare_actransactional_ordermanagement.order,nextpackagetypeid,4443
prod_homecare_actransactional_ordermanagement.order,costperhtlead,4443
prod_homecare_actransactional_ordermanagement.order,htmonthlysent,4443
prod_homecare_actransactional_ordermanagement.order,billingreminders,4443
prod_homecare_actransactional_ordermanagement.order,minimumfee,4443
prod_homecare_actransactional_ordermanagement.order,monthlysent,4443
prod_homecare_actransactional_ordermanagement.order,parentsfaccountrecordid,4443
prod_homecare_actransactional_ordermanagement.order,monthlycap,4443
prod_homecare_actransactional_ordermanagement.order,proximitymatch,4443
prod_homecare_actransactional_ordermanagement.order,dmorderid,4443
prod_homecare_actransactional_ordermanagement.order,_fivetran_deleted,4443
prod_homecare_actransactional_ordermanagement.order,packagecostperlead,4443
prod_homecare_actransactional_ordermanagement.order,pausedon,4443
prod_homecare_actransactional_ordermanagement.order,modifiedon,4443
prod_homecare_actransactional_ordermanagement.order,hcamownername,3868
prod_homecare_actransactional_ordermanagement.order,providerscount,2404
prod_homecare_actransactional_ordermanagement.order,resumedate,876
prod_homecare_actransactional_ordermanagement.order,pendingcancellationdate,876
prod_homecare_actransactional_ordermanagement.order,createdate,4
prod_homecare_actransactional_ordermanagement.orderstatustype,orderstatustypeid,30260
prod_homecare_actransactional_ordermanagement.orderstatustype,name,30260
prod_homecare_actransactional_ordermanagement.orderstatusreasontype,orderstatusreasontypeid,30248
prod_homecare_actransactional_ordermanagement.orderstatusreasontype,name,29652
prod_homecare_actransactional_auth.users,userid,41273
prod_homecare_actransactional_auth.users,firstname,40590
prod_homecare_acreporting_import.five9dailyagentstatedetails,agentgroup,27964
prod_homecare_acreporting_import.five9dailyagentstatedetails,agent,27964
prod_homecare_acreporting_import.five9dailyagentstatedetails,detaildate,27964
prod_homecare_acreporting_import.five9dailyagentstatedetails,agentstatetime,27964
prod_homecare_acreporting_import.five9dailyagentstatedetails,state,27964
prod_homecare_acreporting_import.five9dailyagentstatedetails,agentfirstname,25785
prod_homecare_acreporting_import.five9dailyagentstatedetails,agentlastname,25785
prod_homecare_acreporting_import.five9dailyagentstatedetails,time,22037
prod_homecare_acreporting_import.five9dailyagentstatedetails,agentstatedetailid,20770
prod_homecare_acreporting_import.five9dailyagentstatedetails,minute,17776
prod_homecare_acreporting_import.five9dailyagentstatedetails,hours,17776
prod_homecare_acreporting_import.five9dailyagentstatedetails,reasoncode,16089
prod_homecare_acreporting_import.five9dailyagentstatedetails,mediaavailability,8922
prod_homecare_acreporting_import.five9dailyagentstatedetails,skillavailability,8922
cte,dateid,5921
cte,time,5921
cte,providerid,1607
cte,postalcode,973
cte,monthlycap,833
cte,date,833
cte,monthlysent,833
cte,orderid,634
cte,referredon,542
cte,org,537
cte,emailaddress,483
cte,referraldate,483
cte,hmcrequestid,483
cte,name,483
cte,djreferral,483
cte,djtype,483
cte,phonenumber,483
cte,referralid,483
cte,zip,202
cte,monthyear,33
cte,dma,4
prod_homecare_actransactional_homecare.referral,hmcleadid,106458
prod_homecare_actransactional_homecare.referral,referralid,93418
prod_homecare_actransactional_homecare.referral,providerid,83217
prod_homecare_actransactional_homecare.referral,billingtypeid,65978
prod_homecare_actransactional_homecare.referral,leadid,61922
prod_homecare_actransactional_homecare.referral,createdon,52920
prod_homecare_actransactional_homecare.referral,referredon,49850
prod_homecare_actransactional_homecare.referral,orderid,33813
prod_homecare_actransactional_homecare.referral,addontypeid,27123
prod_homecare_actransactional_homecare.referral,istopoff,27104
prod_homecare_actransactional_homecare.referral,digitaljourney,26880
prod_homecare_actransactional_homecare.referral,activatedon,25326
prod_homecare_actransactional_homecare.referral,returnapproved,16958
prod_homecare_actransactional_homecare.referral,modifiedon,12663
prod_homecare_actransactional_homecare.referral,modifiedby,9218
prod_homecare_actransactional_homecare.referral,createdby,9218
prod_homecare_actransactional_homecare.referral,referralstatustypeid,3939
prod_homecare_actransactional_homecare.referral,startedcareon,2333
prod_homecare_actransactional_homecare.referral,endedcareon,2333
prod_homecare_actransactional_homecare.referral,referraldisplaystatustypeid,2217
prod_homecare_actransactional_homecare.referral,hmcleadidupdateby,2217
prod_homecare_actransactional_homecare.referral,sysstarttime,116
prod_homecare_actransactional_homecare.referral,referralendcarereasontypeid,116
prod_homecare_actransactional_homecare.referralnote,createdon,7628
prod_homecare_actransactional_homecare.referralnote,referralid,7628
prod_homecare_actransactional_homecare.referralnote,referralprocessstageid,5909
prod_homecare_actransactional_homecare.referralnote,createdby,4183
prod_homecare_actransactional_homecare.referralnote,notes,3457
prod_homecare_actransactional_homecare.referralnote,referralnoteid,1192
prod_homecare_actransactional_homecare.referralreturnsecondaryreasontype,referralreturnsecondaryreasontypeid,2402
prod_homecare_actransactional_homecare.referralreturnsecondaryreasontype,name,2391
prod_homecare_actransactional_organization.providerorganization,providerorganizationid,15376
prod_homecare_actransactional_organization.providerorganization,name,15202
prod_homecare_actransactional_homecare.referralreturnrequest,referralid,2678
prod_homecare_actransactional_homecare.referralreturnrequest,primaryreasontypeid,2402
prod_homecare_actransactional_homecare.referralreturnrequest,secondaryreasontypeid,2402
prod_homecare_actransactional_homecare.referralreturnrequest,returnapproved,1468
prod_homecare_actransactional_homecare.referralreturnrequest,createdon,276
prod_homecare_actransactional_homecare.referralreturnrequest,referralreturnrequestresolutiontypeid,12
prod_homecare_actransactional_homecare.referralreturnprimaryreasontype,referralreturnprimaryreasontypeid,2402
prod_homecare_actransactional_homecare.referralreturnprimaryreasontype,name,39
prod_homecare_insite_directory.hmcrequest,hmcrequestid,117184
prod_homecare_insite_directory.hmcrequest,createdate,101277
prod_homecare_insite_directory.hmcrequest,affiliateid,56469
prod_homecare_insite_directory.hmcrequest,requeststatusid,53654
prod_homecare_insite_directory.hmcrequest,url,52524
prod_homecare_insite_directory.hmcrequest,hmcprospectid,45957
prod_homecare_insite_directory.hmcrequest,postalcode,45419
prod_homecare_insite_directory.hmcrequest,djtypeid,35897
prod_homecare_insite_directory.hmcrequest,djstepid,33748
prod_homecare_insite_directory.hmcrequest,customflow,24785
prod_homecare_insite_directory.hmcrequest,affiliateinquiryid,16136
prod_homecare_insite_directory.hmcrequest,lastname,5849
prod_homecare_insite_directory.hmcrequest,firstname,5849
prod_homecare_insite_directory.hmcrequest,emailaddress,4170
prod_homecare_insite_directory.hmcrequest,requeststatuscode,3804
prod_homecare_insite_directory.hmcrequest,hoursperweekid,3687
prod_homecare_insite_directory.hmcrequest,formname,3687
prod_homecare_insite_directory.hmcrequest,leadsource,271
prod_homecare_insite_directory.hmcrequest,residentname,20
prod_homecare_insite_directory.hmcrequest,campaigngroup,4
prod_homecare_insite_directory.hmclead,hmcleadid,88978
prod_homecare_insite_directory.hmclead,hmcrequestid,83441
prod_homecare_insite_directory.hmclead,hottransferred,35817
prod_homecare_insite_directory.hmclead,companyid,7381
prod_homecare_insite_directory.hmclead,createdate,6152
prod_homecare_insite_directory.hmclead,hmcprospectid,5843
prod_homecare_actransactional_geo.city,cityid,7243
prod_homecare_actransactional_geo.city,name,7223
prod_homecare_actransactional_geo.city,stateprovinceid,3990
prod_homecare_actransactional_geo.city,modifiedby,3057
prod_homecare_actransactional_geo.city,createdon,3057
prod_homecare_actransactional_geo.city,modifiedon,3057
prod_homecare_actransactional_geo.city,createdby,3057
prod_homecare_actransactional_geo.stateprovince,stateprovinceid,14545
prod_homecare_actransactional_geo.stateprovince,iso2code,6123
prod_homecare_actransactional_geo.stateprovince,name,4417
prod_homecare_actransactional_geo.stateprovince,countryid,436
prod_homecare_actransactional_billing.account,accountid,20450
prod_homecare_actransactional_billing.account,name,7926
prod_homecare_actransactional_billing.account,accountstatusreasontypeid,6544
prod_homecare_actransactional_billing.account,accountstatustypeid,648
prod_homecare_actransactional_billing.account,iscorporateaccount,108
prod_homecare_actransactional_billing.account,paymentmethodtypeid,57
prod_homecare_actransactional_billing.account,accountstatusreasonnote,44
prod_homecare_actransactional_billing.account,balance,18
prod_homecare_actransactional_ordermanagement.orderprovider,orderid,19073
prod_homecare_actransactional_ordermanagement.orderprovider,providerid,18637
prod_homecare_actransactional_ordermanagement.orderprovider,monthlycap,1567
prod_homecare_actransactional_ordermanagement.orderprovider,sfrecordid,1481
prod_homecare_actransactional_ordermanagement.orderprovider,monthlyavailable,1481
prod_homecare_actransactional_ordermanagement.orderprovider,modifiedby,1481
prod_homecare_actransactional_ordermanagement.orderprovider,totalavailable,1481
prod_homecare_actransactional_ordermanagement.orderprovider,htmonthlycap,1481
prod_homecare_actransactional_ordermanagement.orderprovider,modifiedon,1481
prod_homecare_actransactional_ordermanagement.orderprovider,_fivetran_synced,1481
prod_homecare_actransactional_ordermanagement.orderprovider,orderproviderid,1481
prod_homecare_actransactional_ordermanagement.orderprovider,totalcap,1481
prod_homecare_actransactional_ordermanagement.orderprovider,totalsent,1481
prod_homecare_actransactional_ordermanagement.orderprovider,createdby,1481
prod_homecare_actransactional_ordermanagement.orderprovider,createdon,1481
prod_homecare_actransactional_ordermanagement.orderprovider,htmonthlysent,1481
prod_homecare_actransactional_ordermanagement.orderprovider,monthlysent,1481
prod_homecare_actransactional_ordermanagement.orderprovider,_fivetran_deleted,1481
prod_homecare_actransactional_ordermanagement.orderprovider,dmproviderid,1481
prod_homecare_acreporting_reporting.dimpostalcode,code,32085
prod_homecare_acreporting_reporting.dimpostalcode,timezoneid,20249
prod_homecare_acreporting_reporting.dimpostalcode,stateprovinceid,13210
prod_homecare_acreporting_reporting.dimpostalcode,postalcodeid,6359
prod_homecare_acreporting_reporting.dimpostalcode,cityid,6186
prod_homecare_acreporting_reporting.dimpostalcode,countryid,273
prod_homecare_acreporting_reporting.dimstateprovince,stateprovinceid,7075
prod_homecare_acreporting_reporting.dimstateprovince,name,7075
prod_homecare_acreporting_reporting.dimstateprovince,iso2code,879
prod_homecare_acreporting_reporting.dimstateprovince,countryid,879
prod_homecare_actransactional_organization.org,orgid,5478
prod_homecare_insite_directory.hmcscreeningresult,hmcrequestid,42634
prod_homecare_insite_directory.hmcscreeningresult,createdate,30308
prod_homecare_insite_directory.hmcscreeningresult,userid,29697
prod_homecare_insite_directory.hmcscreeningresult,hmcscreeningresultid,26284
prod_homecare_insite_directory.hmcscreeningresult,outcomeid,26220
prod_homecare_insite_directory.hmcscreeningresult,hmcprospectid,21866
prod_homecare_insite_directory.hmcscreeningresult,attemptcount,7295
prod_homecare_insite_directory.hmcscreeningresult,secondsinprospect,7295
prod_homecare_insite_directory.hmcscreeningresult,followupdate,782
prod_homecare_insite_directory.hmcscreeningresult,hottransferred,782
prod.funnel_lead,inquiry_created_at,16136
prod.funnel_lead,beacon_inquiry_id,16136
prod.funnel_lead,close_inquiry_reason,16136
prod.funnel_lead,status,16136
prod.funnel_lead,is_default_exclusion,16136
prod.funnel_lead,funnel_lead_id,16136
prod.funnel_lead,inquiry_method,16136
prod.dim_funnel_channel,lt_form_submit_channel,16136
prod.dim_funnel_channel,lt_form_submit_domain,16136
prod.dim_funnel_channel,lt_form_submit_utm_campaign,16136
prod.dim_funnel_channel,funnel_lead_id,16136
prod.dim_funnel_channel,lt_form_submit_sub_channel,16136
prod_homecare_insite_directory.affiliate,affiliatename,27860
prod_homecare_insite_directory.affiliate,affiliateid,27860
grace.posthog_prod.events,event,3498
grace.posthog_prod.events,properties,3498
grace.posthog_prod.events,timestamp,3498
grace.posthog_prod.events,distinct_id,3498
grace.grace_prod_public.referral_cart_map,cart_referral_id,3498
grace.grace_prod_public.referral_cart_map,referral_id,3498
grace.grace_prod_public.referral,id,3498
grace.grace_prod_public.referral,lead_id,3498
grace.grace_prod_public.referral,created_at,3498
grace.grace_prod_public.lead,id,3498
grace.grace_prod_public.lead,consumer_id,3498
grace.grace_prod_public.consumer,id,3498
grace.grace_prod_public.consumer,account_id,3498
prod_ygl_apfm.region,_fivetran_deleted,1008
prod_ygl_apfm.region,region_id,1008
prod_ygl_apfm.region,active,1008
prod_ygl_apfm.region,region_name,1008
prod_ygl_apfm.zip_region,region_type_code,1008
prod_ygl_apfm.zip_region,region_id,1008
prod_ygl_apfm.zip_region,zip5,1008
prod_ygl_apfm.zip_region,_fivetran_deleted,1008
prod_ygl_apfm.region_use,region_type_code,1008
prod_ygl_apfm.region_use,region_id,1008
prod_ygl_apfm.region_use,_fivetran_deleted,1008
prod_homecare_actransactional_homecare.hottransferresult,hottransferresponseid,25728
prod_homecare_actransactional_homecare.hottransferresult,referralid,22315
prod_homecare_actransactional_homecare.hottransferresult,leadid,8906
prod_homecare_actransactional_homecare.hottransferresult,providerid,7995
prod_homecare_actransactional_homecare.hottransferresult,modifiedby,5493
prod_homecare_actransactional_homecare.hottransferresult,createdon,5493
prod_homecare_actransactional_homecare.hottransferresult,modifiedon,5493
prod_homecare_actransactional_homecare.hottransferresult,createdby,5493
prod_homecare_actransactional_homecare.hottransferresult,hottransferresultid,4936
prod_homecare_actransactional_billing.homecarecharge,referralid,51496
prod_homecare_actransactional_billing.homecarecharge,amount,51034
prod_homecare_actransactional_billing.homecarecharge,iscredit,49969
prod_homecare_actransactional_billing.homecarecharge,createdon,42743
prod_homecare_actransactional_billing.homecarecharge,accountid,37183
prod_homecare_actransactional_billing.homecarecharge,ishottransfer,27697
prod_homecare_actransactional_billing.homecarecharge,homecarechargeid,10332
prod_homecare_actransactional_billing.homecarecharge,entryid,7252
prod_homecare_actransactional_billing.homecarecharge,modifiedby,6813
prod_homecare_actransactional_billing.homecarecharge,tohomecarechargeid,6813
prod_homecare_actransactional_billing.homecarecharge,statementid,6813
prod_homecare_actransactional_billing.homecarecharge,modifiedon,6813
prod_homecare_actransactional_billing.homecarecharge,createdby,6813
prod_homecare_actransactional_billing.homecarecharge,_fivetran_deleted,544
prod_homecare_actransactional_billing.homecarecharge,_fivetran_synced,544
reporting.dim_geography_zip_dma,zip,5393
reporting.dim_geography_zip_dma,dma,989
reporting.dim_geography_zip_dma,state_code,10
reporting.dim_geography_zip_dma,city_full_name,10
prod_homecare_acreporting_reporting.facthomecarescreeningtransaction,screeningresultid,771
prod_homecare_acreporting_reporting.facthomecarescreeningtransaction,hottransferred,771
prod_homecare_acreporting_reporting.facthomecarescreeningtransaction,careadivsorinternaluserkey,759
prod_homecare_actransactional_seniorliving.referral,lastname,10682
prod_homecare_actransactional_seniorliving.referral,emailaddress,10682
prod_homecare_actransactional_seniorliving.referral,whyiscareneeded,10682
prod_homecare_actransactional_seniorliving.referral,postalcode,10682
prod_homecare_actransactional_seniorliving.referral,firstname,10682
prod_homecare_actransactional_seniorliving.referral,createdon,4410
prod_homecare_actransactional_seniorliving.referral,providerid,4410
prod_homecare_actransactional_seniorliving.referral,hmcrequestid,9
prod_homecare_actransactional_seniorliving.referral,careadvisorcoordinator,9
prod_homecare_actransactional_seniorliving.referral,referraldate,4
community_salesforce.opportunity,owner_id,4784
community_salesforce.opportunity,close_date,4768
community_salesforce.opportunity,account_id,4715
community_salesforce.opportunity,is_won,4048
community_salesforce.opportunity,id,2053
community_salesforce.opportunity,created_date,1613
community_salesforce.opportunity,stage_name,1094
community_salesforce.opportunity,name,640
community_salesforce.opportunity,is_closed,622
community_salesforce.opportunity,hmc_lead_source_c,471
community_salesforce.opportunity,hmc_franchise_c,18
community_salesforce.opportunity,hmc_hold_lead_volume_sold_c,16
community_salesforce.opportunity,hmc_provider_account_c,1
prod_homecare_actransactional_geo.postalcode_01072025,code,7753
prod_homecare_actransactional_geo.postalcode_01072025,stateprovinceid,6600
prod_homecare_actransactional_geo.postalcode_01072025,latitude,6009
prod_homecare_actransactional_geo.postalcode_01072025,longitude,6009
prod_homecare_actransactional_geo.postalcode_01072025,countyid,6009
prod_homecare_actransactional_geo.postalcode_01072025,cityid,4006
prod_homecare_actransactional_geo.postalcode_01072025,postalcodeid,3653
prod_homecare_actransactional_geo.postalcode_01072025,countryid,3542
prod_homecare_actransactional_geo.postalcode_01072025,modifiedby,3064
prod_homecare_actransactional_geo.postalcode_01072025,createdon,3064
prod_homecare_actransactional_geo.postalcode_01072025,modifiedon,3064
prod_homecare_actransactional_geo.postalcode_01072025,createdby,3064
prod_homecare_actransactional_geo.postalcode_01072025,timezoneid,253
prod_homecare_actransactional_geo.timezone,timezoneid,253
prod_homecare_actransactional_organization.providerservicecoverage,providerid,11948
prod_homecare_actransactional_organization.providerservicecoverage,postalcode,11475
prod_homecare_actransactional_organization.providerservicecoverage,deleted,8998
prod_homecare_actransactional_organization.providerservicecoverage,postalcodeid,3430
prod_homecare_actransactional_organization.providerservicecoverage,modifiedby,2957
prod_homecare_actransactional_organization.providerservicecoverage,createdon,2957
prod_homecare_actransactional_organization.providerservicecoverage,providerservicecoverageid,2957
prod_homecare_actransactional_organization.providerservicecoverage,modifiedon,2957
prod_homecare_actransactional_organization.providerservicecoverage,createdby,2957
prod_homecare_actransactional_billing.payment,amount,2854
prod_homecare_actransactional_billing.payment,paymentstatustypeid,2854
prod_homecare_actransactional_billing.payment,createdon,2854
prod_homecare_actransactional_billing.payment,accountid,2854
prod_homecare_actransactional_billing.payment,resultmessage,2784
prod_homecare_actransactional_billing.payment,paymentid,2778
prod_homecare_actransactional_billing.payment,forstatementid,52
prod_homecare_insite_directory.hmcprospectnotes,note,6441
prod_homecare_insite_directory.hmcprospectnotes,hmcprospectid,6441
prod_homecare_insite_directory.hmcprospectnotes,noteid,4105
prod_homecare_insite_directory.hmcprospectnotes,action,4105
prod_homecare_insite_directory.hmcprospectnotes,createdate,4105
prod_homecare_acreporting_reporting.dimtimezone,timezoneid,20249
prod_homecare_acreporting_reporting.dimtimezone,systimezone,3741
prod_homecare_insite_directory.hmcscreenqueue,hmcrequestid,3447
prod_homecare_insite_directory.hmcscreenqueue,hmcscreenqueueid,3318
prod_homecare_acreporting_reporting.dimdate,date,35033
prod_homecare_acreporting_reporting.dimdate,year,29723
prod_homecare_acreporting_reporting.dimdate,monthname,26547
prod_homecare_acreporting_reporting.dimdate,dateid,26044
prod_homecare_acreporting_reporting.dimdate,dayofyear,26044
prod_homecare_acreporting_reporting.dimdate,month,26044
prod_homecare_acreporting_reporting.dimdate,dayofmonth,26044
prod_homecare_acreporting_reporting.dimdate,dayofweek,26044
prod_homecare_acreporting_reporting.dimdate,monthyearid,26044
prod_homecare_acreporting_reporting.dimdate,weekdayname,23933
prod_homecare_acreporting_reporting.dimdate,quarter,5150
prod_homecare_acreporting_reporting.dimdate,weekstartdate,4865
prod_homecare_acreporting_reporting.dimdate,weekenddate,4865
prod_homecare_acreporting_reporting.dimdate,weekofyear,4
prod_homecare_acreporting_import.five9dailycalllogs,timestamp,30604
prod_homecare_acreporting_import.five9dailycalllogs,agentgroup,14249
prod_homecare_acreporting_import.five9dailycalllogs,calltype,12766
prod_homecare_acreporting_import.five9dailycalllogs,callid,12766
prod_homecare_acreporting_import.five9dailycalllogs,agentname,11971
prod_homecare_acreporting_import.five9dailycalllogs,calllogid,11971
prod_homecare_acreporting_import.five9dailycalllogs,agent,6023
prod_homecare_acreporting_import.five9dailycalllogs,manualtime,58
prod_homecare_acreporting_import.five9dailycalllogs,handletime,58
prod_homecare_acreporting_import.five9dailycalllogs,disposition,58
prod_homecare_acreporting_import.five9dailycalllogs,calltime,58
prod_homecare_acreporting_import.five9dailycalllogs,consulttime,58
prod_homecare_acreporting_import.five9dailycalllogs,dialtime,58
prod_homecare_acreporting_import.five9dailycalllogs,dnis,58
prod_homecare_acreporting_import.five9dailycalllogs,dispositionpath,58
prod_homecare_acreporting_import.five9dailycalllogs,totalqueuetime,58
prod_homecare_acreporting_import.five9dailycalllogs,aftercallworktime,58
prod_homecare_acreporting_import.five9dailycalllogs,skill,58
prod_homecare_acreporting_import.five9dailycalllogs,campaign,58
prod_homecare_acreporting_import.five9dailycalllogs,talktime,58
prod_homecare_acreporting_import.five9dailycalllogs,holdtime,58
prod_homecare_acreporting_import.five9dailycalllogs,ringtime,58
prod_homecare_insite_directory.hmcprospectdisqualifier,hmcprospectdisqualifierid,7311
prod_homecare_insite_directory.hmcprospectdisqualifier,disqualifier,7311
prod_homecare_insite_directory.hmcprospect,hmcprospectid,23942
prod_homecare_insite_directory.hmcprospect,emailaddress,18391
prod_homecare_insite_directory.hmcprospect,lastname,13578
prod_homecare_insite_directory.hmcprospect,firstname,13578
prod_homecare_insite_directory.hmcprospect,slppsourcetypeid,10682
prod_homecare_insite_directory.hmcprospect,disqualifier,7331
prod_homecare_insite_directory.hmcprospect,disqualifierreason,7311
prod_homecare_insite_directory.hmcprospect,hmcwhencareneededid,4301
prod_homecare_insite_directory.hmcprospect,hoursperweekid,4281
prod_homecare_insite_directory.hmcprospect,relation,3687
prod_homecare_insite_directory.hmcprospect,age,3687
prod_homecare_insite_directory.hmcprospect,besttimetocall,3687
prod_homecare_insite_directory.hmcprospect,gender,3687
prod_homecare_insite_directory.hmcprospect,createdate,3159
prod_homecare_insite_directory.hmcprospect,carebudget,594
prod_homecare_insite_directory.hmcprospect,postalcode,129
prod_homecare_insite_directory.hmcprospect,residentname,20
community_salesforce.account,hmc_cart_provider_id_c,6374
community_salesforce.account,id,5208
community_salesforce.account,hmc_franchise_number_c,1366
community_salesforce.account,hmc_alternate_account_phone_1_c,1366
community_salesforce.account,hmc_alternate_account_phone_2_c,1366
community_salesforce.account,name,572
community_salesforce.account,hmc_lead_volume_sold_c,506
community_salesforce.account,hmc_csm_assignee_c,238
community_salesforce.case,account_id,3501
community_salesforce.case,type,3451
community_salesforce.case,id,3272
community_salesforce.case,owner_id,315
community_salesforce.case,created_date,315
community_salesforce.case,nurturing_for_results_c,101
community_salesforce.case,rise_above_c,101
community_salesforce.case,origin,101
community_salesforce.case,portal_proficiency_c,101
community_salesforce.case,apfm_internal_onboarding_comments_c,101
community_salesforce.case,status,101
community_salesforce.case,hmc_ob_outreach_attempts_c,101
community_salesforce.case,initial_onboarding_c,101
community_salesforce.case,the_art_of_conversion_c,101
community_salesforce.case,catered_follow_up_c,101
community_salesforce.case,service_area_set_up_guide_c,101
community_salesforce.case,closed_date,101
community_salesforce.case,first_activation_c,55
community_salesforce.case,hmc_case_subject_c,50
community_salesforce.case,case_number,39
community_salesforce.case,hmc_save_method_used_c,35
community_salesforce.case,hmc_date_resolved_c,35
community_salesforce.case,hmc_date_opened_c,35
community_salesforce.user,id,1161
community_salesforce.user,name,1126
community_salesforce.user,username,503
community_salesforce.user,first_name,35
community_salesforce.user,last_name,35
community_salesforce.lead,owner_id,503
community_salesforce.lead,id,503
community_salesforce.lead,converted_opportunity_id,503
community_salesforce.lead,created_date,503
prod_homecare_actransactional_homecare.referralbilling,billingperiodid,8255
prod_homecare_actransactional_homecare.referralbilling,invoicedon,8139
prod_homecare_actransactional_homecare.referralbilling,createdon,8139
prod_homecare_actransactional_homecare.referralbilling,createdby,8139
prod_homecare_actransactional_homecare.referralbilling,reportedon,7699
prod_homecare_actransactional_homecare.referralbilling,modifiedby,5483
prod_homecare_actransactional_homecare.referralbilling,referralbillingid,5483
prod_homecare_actransactional_homecare.referralbilling,amount,5483
prod_homecare_actransactional_homecare.referralbilling,sysstarttime,5483
prod_homecare_actransactional_homecare.referralbilling,rate,5483
prod_homecare_actransactional_homecare.referralbilling,sysendtime,5483
prod_homecare_actransactional_homecare.referralbilling,providerid,5483
prod_homecare_actransactional_homecare.referralbilling,referralid,5483
prod_homecare_actransactional_homecare.referralbilling,modifiedon,5483
prod_homecare_actransactional_homecare.billingperiod,billingperiodid,2772
prod_homecare_actransactional_homecare.billingperiod,billingperiodstatustypeid,2656
prod_homecare_actransactional_homecare.billingperiod,invoicedon,2656
prod_homecare_actransactional_homecare.billingperiod,name,116
prod_homecare_insite_directory.hmccallbackresult,attemptcount,1538
prod_homecare_insite_directory.hmccallbackresult,hmcrequestid,1538
prod_homecare_insite_directory.hmccallbackresult,followupdate,1538
prod_homecare_insite_directory.hmccallbackresult,userid,1538
prod_homecare_insite_directory.hmccallbackresult,createdate,1538
prod_homecare_insite_directory.hmccallbackresult,hmccallbackreason,1538
prod_homecare_insite_directory.hmccallbackresult,outcomeid,1538
prod_homecare_insite_directory.hmccallbackresult,hmccallbackresultid,1538
prod_homecare_insite_directory.hmccallbackresult,hmcprospectid,1538
prod_homecare_insite_directory.hmccallbackresult,secondsinprospect,1538
prod_homecare_insite_directory.hmccallbackresult,surveyresponse,760
prod_homecare_insite_ledger.lead,transactionamount,2439
prod_homecare_insite_ledger.lead,transactiondate,2439
prod_homecare_insite_ledger.lead,transactiontype,2439
prod_homecare_insite_ledger.lead,leadid,2439
prod_homecare_acreporting_reporting.facthomecarereferraltransaction,requestid,3638
prod_homecare_acreporting_reporting.facthomecarereferraltransaction,accountid,2878
prod_homecare_acreporting_reporting.facthomecarereferraltransaction,hmcleadid,2439
prod_homecare_acreporting_reporting.facthomecarereferraltransaction,providerkey,439
prod_homecare_reporting_reporting.homecarereportingcploverride,cpl,2439
prod_homecare_reporting_reporting.homecarereportingcploverride,accountid,2439
prod_homecare_insite_directory.lead,hmcleadid,13396
prod_homecare_insite_directory.lead,leadid,13396
prod_homecare_insite_directory.lead,leadinfoid,4942
prod_homecare_actransactional_homecare.deliverylog,referralid,31079
prod_homecare_actransactional_homecare.deliverylog,deliveryname,31079
prod_homecare_actransactional_homecare.deliverylog,deliverylogid,31079
prod_homecare_actransactional_homecare.deliverylog,deliverystatustypeid,31079
prod_homecare_actransactional_homecare.lead,leadid,48385
prod_homecare_actransactional_homecare.lead,externalidentifier,36989
prod_homecare_actransactional_homecare.lead,hmcprospectid,36873
prod_homecare_actransactional_homecare.lead,contactphone,11512
prod_homecare_actransactional_homecare.lead,contactemail,11512
prod_homecare_actransactional_homecare.lead,lastname,6131
prod_homecare_actransactional_homecare.lead,contactfirstname,6131
prod_homecare_actransactional_homecare.lead,firstname,6131
prod_homecare_actransactional_homecare.lead,contactlastname,6131
prod_homecare_actransactional_homecare.lead,advisor,555
prod_homecare_actransactional_homecare.hottransferresponse,hottransferresponseid,20441
prod_homecare_actransactional_homecare.hottransferresponse,name,13992
prod_homecare_actransactional_homecare.hottransferresponse,hottransferresponsetypeid,1746
prod_homecare_actransactional_homecare.hottransferresponse,_fivetran_deleted,1746
prod_homecare_actransactional_homecare.hottransferresponse,_fivetran_synced,1746
prod_homecare_actransactional_homecare.hottransferresponse,createdon,1746
prod_homecare_actransactional_homecare.hottransferresponse,createdby,1746
prod_homecare_actransactional_billing.othercharge,createdon,2870
prod_homecare_actransactional_billing.othercharge,accountid,2870
prod_homecare_actransactional_billing.othercharge,otherchargetypeid,2816
prod_homecare_actransactional_billing.othercharge,amount,2816
prod_homecare_actransactional_billing.othercharge,statementid,11
prod_homecare_actransactional_billing.accountstatustype,accountstatustypeid,648
prod_homecare_actransactional_billing.accountstatustype,name,648
prod_homecare_acreporting_reporting.diminternaluser,internaluserkey,6070
prod_homecare_acreporting_reporting.diminternaluser,firstname,5311
prod_homecare_acreporting_reporting.facthomecarerequestsummary,requestid,6803
prod_homecare_acreporting_reporting.facthomecarerequestsummary,requestdatetime,6221
prod_homecare_acreporting_reporting.facthomecarerequestsummary,lastoutcometypeid,120
prod_homecare_acreporting_reporting.facthomecarerequestsummary,lastcareadvisorinternaluserkey,116
prod_homecare_acreporting_reporting.dimhomecarerequest,requestid,10377
prod_homecare_acreporting_reporting.dimhomecarerequest,customeracquisitionkey,9822
prod_homecare_acreporting_reporting.dimhomecarerequest,requeststatusid,1026
prod_homecare_acreporting_reporting.dimhomecarerequest,requestdateid,1026
prod_homecare_acreporting_reporting.dimhomecarerequest,leadkey,439
prod_homecare_acreporting_reporting.dimhomecarerequest,requestpostalcodeid,120
prod_homecare_acreporting_reporting.dimhomecarerequest,formkey,120
prod_homecare_acreporting_reporting.dimcustomeracquisition,customeracquisitionkey,9822
prod_homecare_acreporting_reporting.dimcustomeracquisition,source,9356
prod_homecare_acreporting_reporting.dimcustomeracquisition,campaignkey,558
prod_homecare_insite_directory.hmcprospectphonenumber,phonenumber,13184
prod_homecare_insite_directory.hmcprospectphonenumber,hmcprospectid,13184
prod_homecare_insite_directory.hmcprospectphonenumber,phonerank,4942
prod_homecare_actransactional_organization.providerstatustype,providerstatustypeid,544
prod_homecare_actransactional_organization.providerstatustype,name,544
prod_homecare_actransactional_ordermanagement.orderstatussubreasontype,orderstatussubreasontypeid,112
prod_homecare_actransactional_ordermanagement.orderstatussubreasontype,name,4
community_salesforce.lead_history,old_value,501
community_salesforce.lead_history,new_value,501
community_salesforce.lead_history,field,501
community_salesforce.lead_history,created_date,501
community_salesforce.lead_history,id,501
community_salesforce.lead_history,lead_id,501
community_salesforce.lead_history,is_deleted,501
prod_homecare_insite_directory.hmcfollowupsurveyresult,outcomeid,9
prod_homecare_insite_directory.hmcfollowupsurveyresult,hmcprospectid,9
prod_homecare_insite_directory.hmcfollowupsurveyresult,createdate,9
prod_homecare_insite_directory.hmcfollowupsurveyresult,userid,9
prod_homecare_insite_dbo.users,userid,5063
prod_homecare_insite_dbo.users,usercode,5058
prod_homecare_insite_dbo.users,userkey,5043
prod_homecare_actransactional_homecare.addonreferral,addontypeid,483
prod_homecare_actransactional_homecare.addonreferral,addonreferralid,483
prod_homecare_actransactional_homecare.addonreferral,createdon,483
prod_homecare_actransactional_homecare.addonreferral,providerid,483
prod_homecare_actransactional_homecare.addonreferral,orderid,483
prod_homecare_actransactional_homecare.addonreferral,pickedupon,483
prod_homecare_actransactional_homecare.addonreferral,referralid,483
prod_homecare_actransactional_import.slleadnstf,hmcrequestid,292
prod_homecare_actransactional_import.slleadnstf,sub_status,292
prod_homecare_actransactional_import.slleadnstf,processedon,292
prod_homecare_actransactional_organization.pausereferralrequest,providerid,86
prod_homecare_actransactional_billing.statement,accountid,53
prod_homecare_actransactional_billing.statement,balance,53
prod_homecare_actransactional_billing.statement,duedate,47
prod_homecare_actransactional_billing.statement,createdon,6
prod_homecare_insite_directory.hmcrequestphonenumber,hmcrequestid,503
prod_homecare_insite_directory.hmcrequestphonenumber,phonenumber,483
reporting.hcam_staffing,manager,78
reporting.hcam_staffing,powerbi name,78
reporting.hcam_staffing,agentname,78
community_salesforce.opportunity_field_history,new_value,86
community_salesforce.opportunity_field_history,old_value,86
community_salesforce.opportunity_field_history,opportunity_id,86
community_salesforce.opportunity_field_history,field,8
community_salesforce.opportunity_field_history,created_date,8
community_salesforce.opportunity_field_history,id,8
community_salesforce.billing_c,hmc_balance_c,17
community_salesforce.billing_c,name,17
community_salesforce.billing_c,created_date,17
community_salesforce.billing_c,owner_id,17
community_salesforce.billing_c,id,17
community_salesforce.billing_c,hmc_provider_account_c,13
community_salesforce.billing_c,hmc_payment_method_c,9
community_salesforce.billing_c,hmc_cart_account_id_c,5
cte1,orderid,132
cte1,providerid,132
cte1,orderstatusreason,78
cte1,orderstatus,78
cte1,hmcrequestid,13
cteb,orderid,54
cteb,lifetimereferrals,54
cteb,providerid,54
ctec,orderid,54
ctec,freeleads,54
ctec,providerid,54
prod_homecare_actransactional_billing.paymentstatustype,name,6
prod_homecare_actransactional_billing.paymentstatustype,paymentstatustypeid,6
cted,orderid,6
cted,providerid,6
prod_homecare_insite_directory.companyinfo,companyid,5817
prod_homecare_insite_directory.companyinfo,providerid,5817
prod_homecare_insite_directory.companyinfo,companyname,5378
prod_homecare_insite_directory.companyinfo,accountid,5378
prod_homecare_insite_directory.companyinfo,isactive,436
prod_homecare_insite_directory.account,isactive,436
prod_homecare_insite_directory.account,organizationid,436
prod_homecare_insite_directory.account,accountname,436
prod_homecare_insite_directory.account,orderstatusid,436
prod_homecare_insite_directory.account,orderstatus,436
prod_homecare_insite_directory.account,accountid,436
prod_homecare_insite_directory.leadorder,leadorderid,436
prod_homecare_insite_directory.leadorder,monthlymax,436
prod_homecare_insite_directory.leadorder,accountid,436
prod_homecare_insite_dbo.orderstatusreference,orderstatuscause,436
prod_homecare_insite_dbo.orderstatusreference,orderstatus,436
prod_homecare_insite_dbo.orderstatusreference,orderstatusid,436
prod_homecare_insite_directory.organization,organizationid,436
ctea,hmcrequestid,483
ctea,providers_referred,483
cteab,hmcrequestid,1090
cteab,firstreferral,1090
prod_homecare_acreporting_reporting.factdailycampaigncost,campaignkey,10685
prod_homecare_acreporting_reporting.dimcampaign,campaignkey,21461
prod_homecare_acreporting_reporting.dimcampaign,campaignname,21461
prod_homecare_acreporting_reporting.dimcampaign,campaignsource,20903
prod_homecare_acreporting_reporting.dimcampaign,campaignid,20342
prod_homecare_actransactional_homecare.leadhoursperweek,leadhoursperweekid,4281
prod_homecare_actransactional_homecare.leadhoursperweek,name,4281
prod_homecare_actransactional_homecare.leadcarebudget,leadcarebudgetid,594
prod_homecare_actransactional_homecare.leadcarebudget,name,594
prod_homecare_actransactional_homecare.referralreturnrequestresolutiontype,referralreturnrequestresolutiontypeid,12
prod_homecare_insite_directory.hmcoutcomes,outcomeid,5366
prod_homecare_insite_directory.hmcoutcomes,outcomename,5366
prod_homecare_acreporting_reporting.factproviderhistory,date,1316
prod_homecare_acreporting_reporting.factproviderhistory,accountmonthlymax,878
prod_homecare_acreporting_reporting.factproviderhistory,leadssent,878
prod_homecare_acreporting_reporting.factproviderhistory,contracttype,878
prod_homecare_acreporting_reporting.factproviderhistory,accountid,878
prod_homecare_acreporting_reporting.factproviderhistory,orderstatus,440
prod_homecare_insite_directory.hmcproviderleadstatushistory,createdate,4942
prod_homecare_insite_directory.hmcproviderleadstatushistory,hmcleadstatusid,4942
prod_homecare_insite_directory.hmcproviderleadstatushistory,leadid,4942
cte2,orderstatusreason,634
cte2,orderid,634
cte2,providerid,634
cte2,orderstatus,634
prod_homecare_actransactional_billing.otherchargetype,name,30
prod_homecare_actransactional_billing.otherchargetype,otherchargetypeid,30
prod_homecare_actransactional_homecare.deliverystatustype,name,3514
prod_homecare_actransactional_homecare.deliverystatustype,deliverystatustypeid,3514
prod_homecare_acreporting_dbo.zip_to_msa,zip_code,6032
prod_homecare_acreporting_dbo.zip_to_msa,msa_name,3070
prod_homecare_acreporting_dbo.zip_to_msa,state,119
prod_homecare_acreporting_dbo.zip_to_msa,county_no,119
prod_homecare_acreporting_dbo.zip_to_msa,msa_no,119
prod_homecare_acreporting_reporting.dimscreeninginfo,contacttype,755
prod_homecare_acreporting_reporting.dimscreeninginfo,qualified,755
prod_homecare_acreporting_reporting.dimscreeninginfo,screeninginfokey,755
prod_homecare_acreporting_reporting.dimscreeninginfo,inbound,755
community_salesforce.task,owner_id,27
community_salesforce.task,id,27
community_salesforce.task,created_date,27
prod_homecare_acreporting_reporting.dimtime,timeid,4848
prod_homecare_insite_directory.hmcprospectpaymentsource,paymentsourceid,3687
prod_homecare_insite_directory.hmcprospectpaymentsource,hmcprospectid,3687
prod_homecare_acreporting_reporting.dimhomecarerequeststatus,requeststatusid,3687
prod_homecare_acreporting_reporting.dimhomecarerequeststatus,requeststatus,3687
prod_homecare_insite_directory.hmcprospectoptionalinfo,hmcprospectid,3687
prod_homecare_actransactional_billing.accountstatusreasontype,name,502
prod_homecare_actransactional_billing.accountstatusreasontype,accountstatusreasontypeid,502
prod_homecare_actransactional_organization.providerclientrequirement,providerid,32
community_salesforce.case_history,new_value,3171
community_salesforce.case_history,case_id,3171
prod_homecare_actransactional_recruitment.applicant,applicantid,440
prod_homecare_actransactional_recruitment.applicant,createdon,440
prod_homecare_actransactional_organization.contact,lastname,1222
prod_homecare_actransactional_organization.contact,deleted,1222
prod_homecare_actransactional_organization.contact,email,1222
prod_homecare_actransactional_organization.contact,contactid,1222
prod_homecare_actransactional_organization.contact,firstname,1222
prod_homecare_actransactional_organization.contact,phone,530
prod_homecare_actransactional_organization.providercontact,deleted,1222
prod_homecare_actransactional_organization.providercontact,providerid,1222
prod_homecare_actransactional_organization.providercontact,contactid,1222
prod_homecare_actransactional_organization.providercontact,providercontactid,692
prod_homecare_actransactional_organization.providercontactcontacttype,providercontactid,692
prod_homecare_actransactional_organization.providercontactcontacttype,contacttypeid,692
prod_homecare_actransactional_organization.contacttype,contacttypeid,692
prod_homecare_acreporting_reporting.dimhomecarescreeningoutcometype,screeningoutcomename,120
prod_homecare_acreporting_reporting.dimhomecarescreeningoutcometype,screeningoutcometypeid,120
prod_homecare_acreporting_reporting.dimform,formkey,120
prod_refined.gong_import_family_call,gong_process_status,36
prod_refined.gong_import_family_call,conversation_id,36
prod_refined.gong_import_family_call,agent_username,36
prod_refined.gong_import_family_call,duration_seconds,36
prod_refined.gong_import_family_call,call_start_at,26
prod_homecare_actransactional_homecare.referralprocessstage,referralprocessstageid,1726
prod_homecare_actransactional_homecare.referralprocessstage,name,1726
prod_homecare_actransactional_geo.county,stateprovinceid,3065
prod_homecare_actransactional_geo.county,name,3065
prod_homecare_actransactional_geo.county,modifiedby,2946
prod_homecare_actransactional_geo.county,createdon,2946
prod_homecare_actransactional_geo.county,modifiedon,2946
prod_homecare_actransactional_geo.county,createdby,2946
prod_hc1_insite_dbo.users,lastname,14
prod_hc1_insite_dbo.users,shareactivity,14
prod_hc1_insite_dbo.users,googleprofileurl,14
prod_hc1_insite_dbo.users,shareage,14
prod_hc1_insite_dbo.users,country,14
prod_hc1_insite_dbo.users,phone,14
prod_hc1_insite_dbo.users,isexpert,14
prod_hc1_insite_dbo.users,modifyby,14
prod_hc1_insite_dbo.users,notifycommentarticle,14
prod_hc1_insite_dbo.users,companyname,14
prod_hc1_insite_dbo.users,alzstage,14
prod_hc1_insite_dbo.users,dateofbirth,14
prod_hc1_insite_dbo.users,gender,14
prod_hc1_insite_dbo.users,displaybloglist,14
prod_hc1_insite_dbo.users,notifycommentdiscussion,14
prod_hc1_insite_dbo.users,ebookrequested,14
prod_hc1_insite_dbo.users,postalcode,14
prod_hc1_insite_dbo.users,geopostalcode,14
prod_hc1_insite_dbo.users,displaycontributorlist,14
prod_hc1_insite_dbo.users,lastwallnotifydate,14
prod_hc1_insite_dbo.users,qapartnerid,14
prod_hc1_insite_dbo.users,notifyanswer,14
prod_hc1_insite_dbo.users,blogtoolaccess,14
prod_hc1_insite_dbo.users,lastdigestdate,14
prod_hc1_insite_dbo.users,authorsitename,14
prod_hc1_insite_dbo.users,beaconuserid,14
prod_hc1_insite_dbo.users,createdate,14
prod_hc1_insite_dbo.users,excludelist,14
prod_hc1_insite_dbo.users,createby,14
prod_hc1_insite_dbo.users,notify,14
prod_hc1_insite_dbo.users,displayauthorbox,14
prod_hc1_insite_dbo.users,notifywall,14
prod_hc1_insite_dbo.users,jobfunction,14
prod_hc1_insite_dbo.users,sharefirstname,14
prod_hc1_insite_dbo.users,emailaddress,14
prod_hc1_insite_dbo.users,statuscommentid,14
prod_hc1_insite_dbo.users,usercode,14
prod_hc1_insite_dbo.users,situation,14
prod_hc1_insite_dbo.users,username,14
prod_hc1_insite_dbo.users,sharegender,14
prod_hc1_insite_dbo.users,donationurl,14
prod_hc1_insite_dbo.users,twitterurl,14
prod_hc1_insite_dbo.users,checknotificationsdate,14
prod_hc1_insite_dbo.users,isblogger,14
prod_hc1_insite_dbo.users,iscontributor,14
prod_hc1_insite_dbo.users,sharelocation,14
prod_hc1_insite_dbo.users,userid,14
prod_hc1_insite_dbo.users,firstname,14
prod_hc1_insite_dbo.users,allowposts,14
prod_hc1_insite_dbo.users,companytype,14
prod_hc1_insite_dbo.users,userkey,14
prod_hc1_insite_dbo.users,shortbio,14
prod_hc1_insite_dbo.users,title,14
prod_hc1_insite_dbo.users,sharewall,14
prod_hc1_insite_dbo.users,shareanswers,14
prod_hc1_insite_dbo.users,authorurl,14
prod_hc1_insite_dbo.users,displayexpertlist,14
prod_hc1_insite_dbo.users,website,14
prod_hc1_insite_dbo.users,frommobile,14
prod_hc1_insite_dbo.users,location,14
prod_hc1_insite_dbo.users,notifyhug,14
prod_hc1_insite_dbo.users,newmemberimagedate,14
prod_hc1_insite_dbo.users,facebookurl,14
prod_hc1_insite_dbo.users,isorganization,14
prod_hc1_insite_dbo.users,photoname,14
prod_hc1_insite_dbo.users,boardnotifications,14
prod_hc1_insite_dbo.users,modifydate,14
prod_hc1_insite_directory.hmclead,hmcleadid,16
prod_hc1_insite_directory.hmclead,companyid,16
prod_hc1_insite_directory.hmclead,ispace,16
prod_hc1_insite_directory.hmclead,sentdate,16
prod_hc1_insite_directory.hmclead,providernote,16
prod_hc1_insite_directory.hmclead,hmcrequestid,16
prod_hc1_insite_directory.hmclead,createdate,16
prod_hc1_insite_directory.hmclead,sendafterdate,16
prod_hc1_insite_directory.hmclead,wholesaleid,16
prod_hc1_insite_directory.hmclead,hottransferred,16
prod_hc1_insite_directory.hmclead,hmcscreeningresultid,16
prod_hc1_insite_directory.hmclead,hmcprospectid,16
prod_homecare_acreporting_reporting.dimhomecarelead,contactphone,439
prod_homecare_acreporting_reporting.dimhomecarelead,leadkey,439
prod_homecare_acreporting_reporting.dimhomecarelead,contactemail,439
prod_homecare_acreporting_reporting.dimprovider,providerkey,439
prod_homecare_acreporting_reporting.dimprovider,companyid,439
prod_homecare_actransactional_recruitment.lead,modifiedby,220
prod_homecare_actransactional_recruitment.lead,sfrecordid,220
prod_homecare_actransactional_recruitment.lead,leadid,220
prod_homecare_actransactional_recruitment.lead,_fivetran_deleted,220
prod_homecare_actransactional_recruitment.lead,isproximitymatch,220
prod_homecare_actransactional_recruitment.lead,orderid,220
prod_homecare_actransactional_recruitment.lead,_fivetran_synced,220
prod_homecare_actransactional_recruitment.lead,applicantid,220
prod_homecare_actransactional_recruitment.lead,createdon,220
prod_homecare_actransactional_recruitment.lead,providerid,220
prod_homecare_actransactional_recruitment.lead,costperlead,220
prod_homecare_actransactional_recruitment.lead,matchrulesetid,220
prod_homecare_actransactional_recruitment.lead,isexactmatch,220
prod_homecare_actransactional_recruitment.lead,leadproviderdeliverytypeid,220
prod_homecare_actransactional_recruitment.lead,modifiedon,220
prod_homecare_actransactional_recruitment.lead,createdby,220
prod_homecare_actransactional_recruitment.lead,accountid,220
prod_hc1_acreporting_reporting.facthomecarerequestsummary,requestdatetime,14
prod_hc1_acreporting_reporting.facthomecarerequestsummary,requestid,14
prod_hc1_insite_directory.hmcrequest,url,14
prod_hc1_insite_directory.hmcrequest,hmcrequestid,14
prod_hc1_insite_directory.hmcrequest,customflow,14
prod_hc1_insite_directory.hmcrequest,affiliateid,14
prod_hc1_insite_directory.hmcrequest,hmcprospectid,14
prod_hc1_acreporting_reporting.dimhomecarerequest,customeracquisitionkey,14
prod_hc1_acreporting_reporting.dimhomecarerequest,requeststatusid,14
prod_hc1_acreporting_reporting.dimhomecarerequest,requestid,14
prod_hc1_acreporting_reporting.dimhomecarerequest,requestdateid,14
prod_hc1_acreporting_reporting.dimcustomeracquisition,source,14
prod_hc1_acreporting_reporting.dimcustomeracquisition,campaignkey,14
prod_hc1_acreporting_reporting.dimcustomeracquisition,customeracquisitionkey,14
prod_homecare_acreporting_reporting.factreferralhistory,sysstarttime,116
prod_homecare_acreporting_reporting.factreferralhistory,activatedon,116
prod_homecare_acreporting_reporting.factreferralhistory,leadid,116
prod_homecare_acreporting_reporting.factreferralhistory,startedcareon,116
prod_homecare_acreporting_reporting.factreferralhistory,referralid,116
prod_homecare_acreporting_reporting.factreferralhistory,endedcareon,116
prod_homecare_actransactional_homecare.referralendcarereasontype,name,116
prod_homecare_actransactional_homecare.referralendcarereasontype,referralendcarereasontypeid,116
prod_hc1_acreporting_reporting.dimdate,date,14
prod_hc1_actransactional_billing.account,accountstatustypeid,5
prod_hc1_actransactional_billing.account,iscorporateaccount,5
prod_hc1_actransactional_billing.account,name,5
prod_hc1_actransactional_billing.account,accountid,5
prod_hc1_actransactional_billing.accountstatustype,accountstatustypeid,5
prod_hc1_actransactional_billing.accountstatustype,name,5
prod_hc1_actransactional_ordermanagement.order,orderid,5
prod_hc1_actransactional_ordermanagement.order,orderstatustypeid,5
prod_hc1_actransactional_ordermanagement.order,name,5
prod_hc1_actransactional_ordermanagement.order,accountid,5
prod_hc1_actransactional_ordermanagement.orderstatustype,orderstatustypeid,5
prod_hc1_actransactional_ordermanagement.orderstatustype,name,5
prod_hc1_actransactional_organization.provider,providerorganizationid,5
prod_hc1_actransactional_organization.provider,providerstatustypeid,5
prod_hc1_actransactional_organization.provider,providerid,5
prod_hc1_actransactional_organization.provider,name,5
prod_hc1_actransactional_organization.providerstatustype,providerstatustypeid,5
prod_hc1_actransactional_organization.providerstatustype,name,5
prod_hc1_actransactional_organization.providerorganization,name,5
prod_hc1_actransactional_organization.providerorganization,providerorganizationid,5
prod_hc1_actransactional_ordermanagement.orderprovider,orderid,5
prod_hc1_actransactional_ordermanagement.orderprovider,providerid,5
