left_table,right_table,left_key,right_key,side,executions
prod_homecare_actransactional_homecare.referral,prod_homecare_insite_directory.hmclead,hmcleadid,hmcleadid,LEFT,60123
prod_homecare_insite_directory.hmclead,prod_homecare_insite_directory.hmcrequest,hmcrequestid,hmcrequestid,LEFT,59437
prod_homecare_actransactional_homecare.referral,prod_homecare_actransactional_organization.provider,providerid,providerid,LEFT,54726
prod_homecare_actransactional_billing.homecarecharge,prod_homecare_actransactional_homecare.referral,referralid,referralid,LEFT,43806
prod_homecare_actransactional_homecare.lead,prod_homecare_actransactional_homecare.referral,leadid,leadid,LEFT,42370
prod_homecare_acreporting_reporting.cartproviderhistory,prod_homecare_actransactional_organization.provider,providerid,providerid,LEFT,32761
prod_homecare_actransactional_ordermanagement.order,prod_homecare_actransactional_ordermanagement.orderstatustype,orderstatustypeid,orderstatustypeid,LEFT,30242
prod_homecare_actransactional_ordermanagement.order,prod_homecare_actransactional_ordermanagement.orderstatusreasontype,orderstatusreasontypeid,orderstatusreasontypeid,LEFT,30230
prod_homecare_acreporting_reporting.cartproviderhistory,prod_homecare_actransactional_ordermanagement.order,orderid,orderid,LEFT,28181
prod_homecare_insite_directory.affiliate,prod_homecare_insite_directory.hmcrequest,affiliateid,affiliateid,LEFT,24676
prod_homecare_acreporting_reporting.dimpostalcode,prod_homecare_acreporting_reporting.dimtimezone,timezoneid,timezoneid,LEFT,20249
prod_homecare_actransactional_homecare.hottransferresponse,prod_homecare_actransactional_homecare.hottransferresult,hottransferresponseid,hottransferresponseid,LEFT,18695
prod.dim_funnel_channel,prod.funnel_lead,funnel_lead_id,funnel_lead_id,LEFT,16136
prod_homecare_insite_directory.hmclead,prod_homecare_insite_directory.hmcrequest,hmcrequestid,hmcrequestid,INNER,15942
prod_homecare_actransactional_ordermanagement.order,prod_homecare_actransactional_ordermanagement.orderprovider,orderid,orderid,LEFT,15678
prod_homecare_actransactional_organization.provider,prod_homecare_actransactional_organization.providerorganization,providerorganizationid,providerorganizationid,LEFT,15045
prod_homecare_actransactional_billing.account,prod_homecare_actransactional_ordermanagement.order,accountid,accountid,LEFT,14384
prod_homecare_actransactional_ordermanagement.orderprovider,prod_homecare_actransactional_organization.provider,providerid,providerid,LEFT,14250
prod_homecare_actransactional_homecare.hottransferresult,prod_homecare_actransactional_homecare.referral,referralid,referralid,LEFT,11673
prod_homecare_insite_directory.hmcprospect,prod_homecare_insite_directory.hmcrequest,hmcprospectid,hmcprospectid,LEFT,11043
prod_homecare_acreporting_reporting.dimcampaign,prod_homecare_acreporting_reporting.factdailycampaigncost,campaignkey,campaignkey,LEFT,10685
prod_homecare_actransactional_homecare.referral,prod_homecare_insite_directory.hmclead,hmcleadid,hmcleadid,INNER,10682
prod_homecare_actransactional_seniorliving.referral,prod_homecare_insite_directory.hmcprospect,lastname,lastname,LEFT,10682
prod_homecare_actransactional_seniorliving.referral,prod_homecare_insite_directory.hmcprospect,emailaddress,emailaddress,LEFT,10682
prod_homecare_actransactional_seniorliving.referral,prod_homecare_insite_directory.hmcprospect,firstname,firstname,LEFT,10682
prod_homecare_acreporting_reporting.dimcustomeracquisition,prod_homecare_acreporting_reporting.dimhomecarerequest,customeracquisitionkey,customeracquisitionkey,LEFT,9822
prod_homecare_actransactional_homecare.hottransferresult,prod_homecare_actransactional_homecare.referral,leadid,leadid,LEFT,8906
prod_homecare_acreporting_reporting.dimhomecarerequest,prod_homecare_insite_directory.hmcrequest,requestid,hmcrequestid,LEFT,8330
prod_homecare_acreporting_reporting.cartproviderhistory,prod_homecare_actransactional_organization.providerservicecoverage,providerid,providerid,LEFT,7444
prod_homecare_insite_directory.hmclead,prod_homecare_insite_directory.lead,hmcleadid,hmcleadid,LEFT,7381
prod_homecare_insite_directory.hmcprospect,prod_homecare_insite_directory.hmcprospectdisqualifier,disqualifier,hmcprospectdisqualifierid,LEFT,7311
prod_homecare_acreporting_reporting.dimpostalcode,prod_homecare_actransactional_geo.stateprovince,stateprovinceid,stateprovinceid,LEFT,7014
prod_homecare_acreporting_reporting.facthomecarerequestsummary,prod_homecare_insite_directory.hmcrequest,requestid,hmcrequestid,LEFT,6249
prod_homecare_acreporting_reporting.dimpostalcode,prod_homecare_acreporting_reporting.dimstateprovince,stateprovinceid,stateprovinceid,LEFT,6196
prod_homecare_acreporting_reporting.dimpostalcode,prod_homecare_actransactional_geo.city,cityid,cityid,LEFT,6186
prod_homecare_acreporting_reporting.cartproviderhistory,prod_homecare_actransactional_billing.account,accountid,accountid,LEFT,6048
prod_homecare_actransactional_homecare.referral,prod_homecare_insite_directory.lead,hmcleadid,hmcleadid,LEFT,6015
prod_homecare_actransactional_homecare.hottransferresult,prod_homecare_actransactional_homecare.referral,providerid,providerid,LEFT,6015
prod_homecare_actransactional_homecare.hottransferresult,prod_homecare_actransactional_homecare.lead,leadid,leadid,LEFT,6015
prod_homecare_acreporting_import.five9dailyagentstatedetails,prod_homecare_acreporting_import.five9dailycalllogs,agent,agent,INNER,5925
prod_homecare_acreporting_reporting.dimpostalcode,prod_homecare_actransactional_organization.provider,postalcodeid,postalcodeid,LEFT,5923
prod_homecare_actransactional_homecare.referral,prod_homecare_actransactional_organization.provider,providerid,providerid,INNER,5884
prod_homecare_actransactional_homecare.referral,prod_homecare_actransactional_homecare.referralnote,referralid,referralid,LEFT,5819
prod_homecare_insite_directory.hmclead,prod_homecare_insite_directory.hmcprospect,hmcprospectid,hmcprospectid,INNER,5714
prod_homecare_insite_directory.hmcrequest,prod_homecare_insite_directory.hmcscreeningresult,hmcrequestid,hmcrequestid,LEFT,5669
prod_homecare_actransactional_organization.org,prod_homecare_actransactional_organization.provider,orgid,orgid,RIGHT,5478
prod_homecare_insite_directory.companyinfo,prod_homecare_insite_directory.hmclead,companyid,companyid,LEFT,4942
prod_homecare_actransactional_organization.provider,prod_homecare_actransactional_seniorliving.referral,providerid,providerid,LEFT,4410
prod_homecare_actransactional_auth.users,prod_homecare_actransactional_homecare.referralnote,userid,createdby,LEFT,4183
prod_homecare_insite_directory.hmclead,prod_homecare_insite_directory.hmcscreeningresult,hmcrequestid,hmcrequestid,LEFT,4171
community_salesforce.account,community_salesforce.opportunity,id,account_id,LEFT,4164
prod_homecare_insite_directory.hmcprospect,prod_homecare_insite_directory.hmcprospectoptionalinfo,hmcprospectid,hmcprospectid,LEFT,3687
prod_homecare_acreporting_reporting.dimhomecarerequeststatus,prod_homecare_insite_directory.hmcrequest,requeststatusid,requeststatusid,LEFT,3687
prod_homecare_actransactional_homecare.leadhoursperweek,prod_homecare_insite_directory.hmcrequest,leadhoursperweekid,hoursperweekid,LEFT,3687
grace.grace_prod_public.consumer,grace.posthog_prod.events,account_id,distinct_id,LEFT,3498
grace.grace_prod_public.consumer,grace.grace_prod_public.lead,id,consumer_id,LEFT,3498
grace.grace_prod_public.referral_cart_map,prod_homecare_actransactional_homecare.referral,cart_referral_id,referralid,LEFT,3498
grace.grace_prod_public.lead,grace.grace_prod_public.referral,id,lead_id,LEFT,3498
grace.grace_prod_public.referral,grace.grace_prod_public.referral_cart_map,id,referral_id,LEFT,3498
prod_homecare_insite_directory.hmcrequest,prod_homecare_insite_directory.hmcscreenqueue,hmcrequestid,hmcrequestid,LEFT,3327
prod_homecare_insite_directory.affiliate,prod_homecare_insite_directory.hmcrequest,affiliateid,affiliateid,INNER,3184
community_salesforce.case,community_salesforce.case_history,id,case_id,INNER,3171
prod_homecare_insite_directory.hmcprospect,prod_homecare_insite_directory.hmcprospectphonenumber,hmcprospectid,hmcprospectid,LEFT,3139
prod_homecare_actransactional_geo.county,prod_homecare_actransactional_geo.stateprovince,stateprovinceid,stateprovinceid,LEFT,3065
prod_homecare_insite_directory.hmcrequest,prod_homecare_insite_directory.hmcscreeningresult,hmcrequestid,hmcrequestid,INNER,2949
prod_homecare_actransactional_geo.city,prod_homecare_actransactional_geo.stateprovince,stateprovinceid,stateprovinceid,LEFT,2942
prod_homecare_acreporting_reporting.cartproviderhistory,prod_homecare_actransactional_billing.homecarecharge,accountid,accountid,LEFT,2804
prod_homecare_actransactional_homecare.billingperiod,prod_homecare_actransactional_homecare.referralbilling,invoicedon,invoicedon,LEFT,2656
prod_homecare_actransactional_homecare.referral,prod_homecare_actransactional_homecare.referralreturnrequest,referralid,referralid,LEFT,2650
prod_homecare_acreporting_reporting.facthomecarereferraltransaction,prod_homecare_insite_directory.hmclead,hmcleadid,hmcleadid,LEFT,2439
prod_homecare_acreporting_reporting.facthomecarereferraltransaction,prod_homecare_reporting_reporting.homecarereportingcploverride,accountid,accountid,LEFT,2439
prod_homecare_actransactional_homecare.referralreturnrequest,prod_homecare_actransactional_homecare.referralreturnsecondaryreasontype,secondaryreasontypeid,referralreturnsecondaryreasontypeid,LEFT,2374
prod_homecare_actransactional_homecare.referralreturnprimaryreasontype,prod_homecare_actransactional_homecare.referralreturnrequest,referralreturnprimaryreasontypeid,primaryreasontypeid,LEFT,2374
prod_homecare_insite_directory.hmcprospectnotes,prod_homecare_insite_directory.hmcrequest,hmcprospectid,hmcprospectid,LEFT,2336
prod_homecare_insite_directory.hmcprospectphonenumber,prod_homecare_insite_directory.hmcrequest,hmcprospectid,hmcprospectid,LEFT,2336
prod_homecare_insite_directory.hmcprospect,prod_homecare_insite_directory.hmcrequest,hmcprospectid,hmcprospectid,INNER,2006
prod_homecare_insite_directory.hmcprospect,prod_homecare_insite_directory.hmcprospectphonenumber,hmcprospectid,hmcprospectid,INNER,1995
prod_homecare_actransactional_homecare.hottransferresult,prod_homecare_actransactional_organization.provider,providerid,providerid,LEFT,1980
prod_homecare_actransactional_homecare.referralnote,prod_homecare_actransactional_homecare.referralprocessstage,referralprocessstageid,referralprocessstageid,INNER,1726
community_salesforce.account,prod_homecare_actransactional_organization.provider,hmc_cart_provider_id_c,providerid,LEFT,1556
prod_homecare_actransactional_homecare.hottransferresponse,prod_homecare_actransactional_homecare.referral,referralid,referralid,LEFT,1240
prod_homecare_actransactional_ordermanagement.orderprovider,prod_homecare_actransactional_organization.provider,providerid,providerid,INNER,1224
prod_homecare_actransactional_ordermanagement.order,prod_homecare_actransactional_ordermanagement.orderprovider,orderid,orderid,INNER,1224
prod_homecare_actransactional_organization.provider,prod_homecare_actransactional_organization.providercontact,providerid,providerid,LEFT,1222
prod_homecare_actransactional_organization.contact,prod_homecare_actransactional_organization.providercontact,contactid,contactid,LEFT,1222
prod_homecare_insite_directory.hmclead,prod_homecare_insite_directory.hmcscreeningresult,hmcrequestid,hmcrequestid,INNER,1090
prod_homecare_acreporting_reporting.dimhomecarerequest,prod_homecare_acreporting_reporting.facthomecarerequestsummary,requestid,requestid,LEFT,1054
prod_ygl_apfm.region_use,prod_ygl_apfm.zip_region,region_type_code,region_type_code,INNER,1008
prod_ygl_apfm.region,prod_ygl_apfm.zip_region,region_id,region_id,INNER,1008
prod_ygl_apfm.region_use,prod_ygl_apfm.zip_region,region_id,region_id,INNER,1008
prod_homecare_acreporting_reporting.cartproviderhistory,prod_homecare_actransactional_organization.provider,providerid,providerid,INNER,962
prod_homecare_actransactional_geo.city,prod_homecare_actransactional_geo.stateprovince,stateprovinceid,stateprovinceid,INNER,933
prod_homecare_actransactional_geo.city,prod_homecare_actransactional_geo.postalcode_01072025,cityid,cityid,INNER,933
prod_homecare_actransactional_auth.users,prod_homecare_actransactional_organization.provider,userid,hcamuserid,LEFT,809
prod_homecare_actransactional_organization.provider,prod_homecare_actransactional_organization.providerservicecoverage,providerid,providerid,LEFT,805
prod_homecare_insite_directory.hmclead,prod_homecare_insite_directory.hmcprospectphonenumber,hmcprospectid,hmcprospectid,INNER,772
prod_homecare_acreporting_reporting.facthomecarescreeningtransaction,prod_homecare_insite_directory.hmcscreeningresult,screeningresultid,hmcscreeningresultid,LEFT,771
prod_homecare_acreporting_reporting.diminternaluser,prod_homecare_acreporting_reporting.facthomecarescreeningtransaction,internaluserkey,careadivsorinternaluserkey,LEFT,759
prod_homecare_actransactional_organization.contacttype,prod_homecare_actransactional_organization.providercontactcontacttype,contacttypeid,contacttypeid,LEFT,692
prod_homecare_actransactional_organization.providercontact,prod_homecare_actransactional_organization.providercontactcontacttype,providercontactid,providercontactid,LEFT,692
prod_homecare_actransactional_billing.account,prod_homecare_actransactional_billing.accountstatustype,accountstatustypeid,accountstatustypeid,LEFT,648
prod_homecare_actransactional_homecare.referral,prod_homecare_actransactional_ordermanagement.order,orderid,orderid,LEFT,637
prod_homecare_actransactional_homecare.leadcarebudget,prod_homecare_insite_directory.hmcprospect,leadcarebudgetid,carebudget,LEFT,594
prod_homecare_actransactional_homecare.leadhoursperweek,prod_homecare_insite_directory.hmcprospect,leadhoursperweekid,hoursperweekid,LEFT,594
prod_homecare_actransactional_geo.postalcode_01072025,prod_homecare_actransactional_geo.stateprovince,stateprovinceid,stateprovinceid,LEFT,591
prod_homecare_acreporting_reporting.dimcampaign,prod_homecare_acreporting_reporting.dimcustomeracquisition,campaignkey,campaignkey,LEFT,558
prod_homecare_actransactional_organization.provider,prod_homecare_actransactional_organization.providerstatustype,providerstatustypeid,providerstatustypeid,LEFT,544
prod_homecare_actransactional_geo.postalcode_01072025,prod_homecare_actransactional_organization.provider,code,postalcode,LEFT,528
prod_homecare_insite_directory.hmcrequest,prod_homecare_insite_directory.hmcrequestphonenumber,hmcrequestid,hmcrequestid,LEFT,503
prod_homecare_actransactional_billing.account,prod_homecare_actransactional_billing.accountstatusreasontype,accountstatusreasontypeid,accountstatusreasontypeid,LEFT,502
prod_homecare_actransactional_homecare.hottransferresult,prod_homecare_actransactional_homecare.referral,referralid,referralid,INNER,483
prod_homecare_actransactional_geo.postalcode_01072025,prod_homecare_actransactional_organization.providerservicecoverage,postalcodeid,postalcodeid,INNER,467
prod_homecare_actransactional_organization.provider,prod_homecare_actransactional_organization.providerservicecoverage,providerid,providerid,INNER,467
prod_homecare_actransactional_geo.postalcode_01072025,prod_homecare_insite_directory.hmcrequest,code,postalcode,LEFT,466
community_salesforce.account,community_salesforce.opportunity,id,account_id,INNER,455
prod_homecare_acreporting_reporting.dimprovider,prod_homecare_acreporting_reporting.facthomecarereferraltransaction,providerkey,providerkey,LEFT,439
prod_homecare_acreporting_reporting.dimhomecarerequest,prod_homecare_acreporting_reporting.facthomecarereferraltransaction,requestid,requestid,LEFT,439
prod_homecare_acreporting_reporting.dimprovider,prod_homecare_insite_directory.companyinfo,companyid,companyid,LEFT,439
prod_homecare_acreporting_reporting.dimhomecarelead,prod_homecare_acreporting_reporting.dimhomecarerequest,leadkey,leadkey,LEFT,439
prod_homecare_acreporting_reporting.dimhomecarerequest,prod_homecare_acreporting_reporting.facthomecarerequestsummary,requestid,requestid,INNER,438
prod_homecare_acreporting_reporting.facthomecarerequestsummary,prod_homecare_insite_directory.hmclead,requestid,hmcrequestid,LEFT,438
prod_homecare_insite_directory.account,prod_homecare_insite_directory.leadorder,accountid,accountid,LEFT,436
prod_homecare_insite_directory.account,prod_homecare_insite_directory.companyinfo,accountid,accountid,LEFT,436
prod_homecare_insite_directory.account,prod_homecare_insite_directory.organization,organizationid,organizationid,LEFT,436
prod_homecare_insite_dbo.orderstatusreference,prod_homecare_insite_directory.account,orderstatusid,orderstatusid,LEFT,436
community_salesforce.case,community_salesforce.user,owner_id,id,LEFT,315
prod_homecare_actransactional_import.slleadnstf,prod_homecare_insite_directory.hmcscreeningresult,hmcrequestid,hmcrequestid,LEFT,292
prod_homecare_acreporting_reporting.cartproviderhistory,prod_homecare_actransactional_ordermanagement.orderprovider,orderid,orderid,LEFT,273
prod_homecare_actransactional_organization.providerservicecoverage,reporting.dim_geography_zip_dma,postalcode,zip,LEFT,259
prod_homecare_actransactional_geo.postalcode_01072025,prod_homecare_actransactional_geo.timezone,timezoneid,timezoneid,LEFT,253
prod_homecare_actransactional_organization.provider,prod_homecare_actransactional_organization.providerorganization,providerorganizationid,providerorganizationid,INNER,246
community_salesforce.account,community_salesforce.user,hmc_csm_assignee_c,id,LEFT,238
community_salesforce.account,community_salesforce.case,id,account_id,INNER,179
community_salesforce.account,community_salesforce.case,id,account_id,LEFT,151
prod_homecare_insite_directory.hmclead,prod_homecare_insite_directory.hmcprospect,hmcprospectid,hmcprospectid,LEFT,129
prod_homecare_acreporting_reporting.dimform,prod_homecare_acreporting_reporting.dimhomecarerequest,formkey,formkey,LEFT,120
prod_homecare_acreporting_reporting.facthomecarerequestsummary,prod_homecare_insite_directory.hmcscreenqueue,requestid,hmcrequestid,LEFT,120
prod_homecare_acreporting_reporting.dimhomecarescreeningoutcometype,prod_homecare_acreporting_reporting.facthomecarerequestsummary,screeningoutcometypeid,lastoutcometypeid,LEFT,120
prod_homecare_actransactional_homecare.billingperiod,prod_homecare_actransactional_homecare.referralbilling,billingperiodid,billingperiodid,LEFT,116
prod_homecare_acreporting_reporting.factreferralhistory,prod_homecare_actransactional_homecare.referral,referralid,referralid,INNER,116
prod_homecare_actransactional_geo.postalcode_01072025,prod_homecare_actransactional_organization.provider,postalcodeid,postalcodeid,LEFT,116
prod_homecare_actransactional_homecare.referral,prod_homecare_actransactional_homecare.referralendcarereasontype,referralendcarereasontypeid,referralendcarereasontypeid,LEFT,116
prod_homecare_acreporting_reporting.diminternaluser,prod_homecare_acreporting_reporting.facthomecarerequestsummary,internaluserkey,lastcareadvisorinternaluserkey,LEFT,116
prod_homecare_actransactional_ordermanagement.order,prod_homecare_actransactional_ordermanagement.orderstatussubreasontype,orderstatussubreasontypeid,orderstatussubreasontypeid,LEFT,112
community_salesforce.opportunity,community_salesforce.user,owner_id,id,INNER,78
community_salesforce.opportunity,community_salesforce.opportunity_field_history,id,opportunity_id,INNER,78
prod_homecare_actransactional_billing.othercharge,prod_homecare_actransactional_ordermanagement.order,accountid,accountid,LEFT,54
prod_homecare_actransactional_billing.account,prod_homecare_actransactional_billing.statement,accountid,accountid,LEFT,53
prod_homecare_actransactional_billing.statement,prod_homecare_actransactional_ordermanagement.order,accountid,accountid,LEFT,47
prod_homecare_insite_directory.hmclead,prod_homecare_insite_directory.hmcrequest,hmcleadid,hmcrequestid,LEFT,42
prod_homecare_actransactional_organization.provider,prod_homecare_actransactional_organization.providerclientrequirement,providerid,providerid,INNER,32
prod_homecare_actransactional_billing.othercharge,prod_homecare_actransactional_billing.otherchargetype,otherchargetypeid,otherchargetypeid,LEFT,30
prod_homecare_actransactional_homecare.referralreturnprimaryreasontype,prod_homecare_actransactional_homecare.referralreturnrequest,referralreturnprimaryreasontypeid,primaryreasontypeid,INNER,28
prod_homecare_actransactional_homecare.referral,prod_homecare_actransactional_homecare.referralreturnrequest,referralid,referralid,INNER,28
prod_homecare_actransactional_homecare.referralreturnrequest,prod_homecare_actransactional_homecare.referralreturnsecondaryreasontype,secondaryreasontypeid,referralreturnsecondaryreasontypeid,INNER,28
community_salesforce.task,community_salesforce.user,owner_id,id,INNER,27
prod_homecare_actransactional_ordermanagement.order,prod_homecare_actransactional_ordermanagement.orderstatustype,orderstatustypeid,orderstatustypeid,INNER,18
prod_homecare_actransactional_geo.postalcode_01072025,prod_homecare_actransactional_organization.provider,code,postalcode,INNER,18
prod_homecare_actransactional_ordermanagement.order,prod_homecare_actransactional_ordermanagement.orderstatusreasontype,orderstatusreasontypeid,orderstatusreasontypeid,INNER,18
prod_homecare_actransactional_organization.providerservicecoverage,prod_homecare_insite_directory.hmcrequest,postalcode,postalcode,LEFT,16
prod_homecare_acreporting_reporting.cartproviderhistory,prod_homecare_actransactional_organization.providerservicecoverage,providerid,providerid,INNER,16
prod_hc1_acreporting_reporting.facthomecarerequestsummary,prod_hc1_insite_directory.hmcrequest,requestid,hmcrequestid,LEFT,14
prod_hc1_acreporting_reporting.dimcustomeracquisition,prod_hc1_acreporting_reporting.dimhomecarerequest,customeracquisitionkey,customeracquisitionkey,LEFT,14
prod_hc1_acreporting_reporting.dimhomecarerequest,prod_hc1_acreporting_reporting.facthomecarerequestsummary,requestid,requestid,LEFT,14
prod_homecare_actransactional_organization.provider,reporting.dim_geography_zip_dma,postalcode,zip,LEFT,12
prod_homecare_actransactional_homecare.referralreturnrequest,prod_homecare_actransactional_homecare.referralreturnrequestresolutiontype,referralreturnrequestresolutiontypeid,referralreturnrequestresolutiontypeid,LEFT,12
community_salesforce.account,prod_homecare_actransactional_ordermanagement.orderprovider,hmc_cart_provider_id_c,providerid,LEFT,11
prod_homecare_actransactional_billing.account,prod_homecare_actransactional_billing.payment,accountid,accountid,LEFT,10
prod_homecare_actransactional_billing.payment,prod_homecare_actransactional_ordermanagement.order,accountid,accountid,LEFT,10
prod_homecare_actransactional_seniorliving.referral,prod_homecare_insite_directory.hmcrequest,hmcrequestid,hmcrequestid,LEFT,9
prod_homecare_insite_dbo.users,prod_homecare_insite_directory.hmcfollowupsurveyresult,userid,userid,LEFT,9
prod_homecare_actransactional_geo.city,prod_homecare_actransactional_geo.postalcode_01072025,cityid,cityid,LEFT,9
prod_homecare_actransactional_geo.postalcode_01072025,reporting.dim_geography_zip_dma,code,zip,LEFT,9
prod_homecare_actransactional_billing.payment,prod_homecare_actransactional_billing.paymentstatustype,paymentstatustypeid,paymentstatustypeid,LEFT,6
prod_homecare_insite_directory.hmcoutcomes,prod_homecare_insite_directory.hmcscreeningresult,outcomeid,outcomeid,LEFT,6
prod_homecare_actransactional_geo.postalcode_01072025,prod_homecare_actransactional_organization.providerservicecoverage,postalcodeid,postalcodeid,LEFT,6
prod_hc1_actransactional_organization.provider,prod_hc1_actransactional_organization.providerstatustype,providerstatustypeid,providerstatustypeid,LEFT,5
prod_hc1_actransactional_ordermanagement.order,prod_hc1_actransactional_ordermanagement.orderprovider,orderid,orderid,LEFT,5
prod_hc1_actransactional_ordermanagement.orderprovider,prod_hc1_actransactional_organization.provider,providerid,providerid,LEFT,5
prod_hc1_actransactional_organization.provider,prod_hc1_actransactional_organization.providerorganization,providerorganizationid,providerorganizationid,LEFT,5
prod_hc1_actransactional_billing.account,prod_hc1_actransactional_ordermanagement.order,accountid,accountid,LEFT,5
prod_hc1_actransactional_billing.account,prod_hc1_actransactional_billing.accountstatustype,accountstatustypeid,accountstatustypeid,LEFT,5
prod_hc1_actransactional_ordermanagement.order,prod_hc1_actransactional_ordermanagement.orderstatustype,orderstatustypeid,orderstatustypeid,LEFT,5
prod_homecare_actransactional_geo.postalcode_01072025,prod_homecare_actransactional_organization.providerservicecoverage,code,postalcode,LEFT,4
