table,executions,distinct_statements,rows_read
prod_homecare_actransactional_homecare.referral,135701,693,786220260042
prod_homecare_actransactional_organization.provider,124742,807,433476339388
prod_homecare_insite_directory.hmcrequest,122158,635,989016392356
prod_homecare_insite_directory.hmclead,91513,505,743579436713
prod_homecare_actransactional_billing.homecarecharge,58771,157,306969315633
prod_homecare_acreporting_reporting.cartproviderhistory,56274,543,132390106507
prod_homecare_acreporting_reporting.dimdate,55455,159,547476092
prod_homecare_actransactional_homecare.lead,48443,79,364970291543
prod_homecare_actransactional_ordermanagement.order,45753,465,100991063350
prod_homecare_insite_directory.hmcscreeningresult,43405,332,466619291616
prod_homecare_actransactional_auth.users,41273,173,98379650018
prod_homecare_acreporting_reporting.dimpostalcode,33552,224,258778734827
prod_homecare_actransactional_homecare.hottransferresult,31221,106,116172891756
prod_homecare_actransactional_homecare.deliverylog,31085,66,212590341185
prod_homecare_acreporting_import.five9dailycalllogs,30604,77,226714901784
prod_homecare_actransactional_ordermanagement.orderstatustype,30260,379,95493871296
prod_homecare_actransactional_ordermanagement.orderstatusreasontype,30248,374,95493414765
prod_homecare_insite_directory.hmcprospect,29429,114,326316647690
prod_homecare_acreporting_reporting.dimtime,28761,15,499028387
prod_homecare_acreporting_import.five9dailyagentstatedetails,27964,64,151201444805
prod_homecare_insite_directory.affiliate,27860,227,281811783909
prod_homecare_actransactional_homecare.hottransferresponse,22416,47,66847872174
prod_homecare_acreporting_reporting.dimcampaign,21461,18,3630013665
prod_homecare_actransactional_billing.account,20895,111,50367576498
prod_homecare_acreporting_reporting.dimtimezone,20249,206,211246224998
prod_homecare_actransactional_ordermanagement.orderprovider,19073,242,52064570009
prod_homecare_actransactional_geo.stateprovince,17493,34,33506914544
prod.dim_funnel_channel,16136,115,262100690163
prod.funnel_lead,16136,115,262100690163
prod_homecare_actransactional_organization.providerorganization,15447,127,16047460656
prod_homecare_actransactional_seniorliving.referral,15101,27,47344337047
prod_homecare_insite_directory.lead,13396,25,109095872338
prod_homecare_insite_directory.hmcprospectphonenumber,13184,45,227260921108
prod_homecare_actransactional_organization.providerservicecoverage,11948,109,21470832213
prod_homecare_acreporting_reporting.factdailycampaigncost,10685,8,160870766
prod_homecare_acreporting_reporting.dimhomecarerequest,10377,21,77123749967
prod_homecare_actransactional_geo.city,10185,21,27440304702
prod_homecare_acreporting_reporting.dimcustomeracquisition,9822,16,71795578717
prod_homecare_actransactional_homecare.referralnote,9354,27,10572138444
prod_homecare_actransactional_geo.postalcode_01072025,8344,50,11746868958
prod_homecare_actransactional_homecare.referralbilling,8255,12,951228865
prod_homecare_insite_directory.hmcprospectdisqualifier,7311,38,124530093547
prod_homecare_acreporting_reporting.dimstateprovince,7075,16,20900225979
prod_homecare_acreporting_reporting.facthomecarerequestsummary,6803,26,48272919674
prod_homecare_insite_directory.hmcprospectnotes,6441,176,99791082006
community_salesforce.account,6374,201,8240320883
prod_homecare_acreporting_reporting.diminternaluser,6070,21,38857089536
prod_homecare_acreporting_dbo.zip_to_msa,6032,7,26181513506
prod_homecare_insite_directory.companyinfo,5817,10,78260097188
prod_homecare_actransactional_organization.org,5478,5,169660713
reporting.dim_geography_zip_dma,5401,121,50083064903
prod_homecare_insite_directory.hmcoutcomes,5366,22,128848778369
community_salesforce.opportunity,5239,167,8202905948
prod_homecare_insite_dbo.users,5067,18,270892084
prod_homecare_actransactional_homecare.billingperiod,5042,9,931052927
prod_homecare_insite_directory.hmcproviderleadstatushistory,4942,6,74229686608
prod_homecare_insite_directory.hmccallbackresult,4493,16,46936335091
prod_homecare_insite_directory.slppsourcetype,4401,2,2184
prod_homecare_actransactional_seniorliving.referralstatustype,4398,2,1080
prod_homecare_actransactional_homecare.leadhoursperweek,4281,6,62330040980
prod_homecare_acreporting_reporting.dimhomecarerequeststatus,3687,3,56991077390
prod_homecare_insite_directory.hmcprospectpaymentsource,3687,3,56991077390
prod_homecare_insite_directory.hmcprospectoptionalinfo,3687,3,56991077390
prod_homecare_acreporting_reporting.facthomecarereferraltransaction,3638,10,15116909718
prod_homecare_actransactional_homecare.deliverystatustype,3514,6,21229466938
community_salesforce.case,3501,90,7383341274
grace.grace_prod_public.consumer,3498,40,62936404836
grace.posthog_prod.events,3498,40,62936404836
grace.grace_prod_public.referral,3498,40,62936404836
grace.grace_prod_public.referral_cart_map,3498,40,62936404836
grace.grace_prod_public.lead,3498,40,62936404836
prod_homecare_insite_directory.hmcscreenqueue,3447,161,56034672433
community_salesforce.case_history,3171,3,6670265650
prod_homecare_actransactional_geo.county,3065,4,1292298
prod_homecare_insite_prospectstatus.status,2955,2,45636463188
prod_homecare_actransactional_billing.othercharge,2870,55,195018587
prod_homecare_actransactional_billing.payment,2854,61,329412846
prod_homecare_actransactional_billing.statement,2831,29,346348745
prod_homecare_actransactional_homecare.referralreturnrequest,2678,37,5469432862
prod_homecare_reporting_reporting.homecarereportingcploverride,2439,5,10488714915
prod_homecare_insite_ledger.lead,2439,5,10488714915
prod_homecare_actransactional_homecare.referralreturnprimaryreasontype,2402,21,4993857439
prod_homecare_actransactional_homecare.referralreturnsecondaryreasontype,2402,21,4993857439
prod_homecare_actransactional_homecare.referralprocessstage,1726,2,933806860
prod_homecare_acreporting_reporting.facthomecarescreeningtransaction,1530,11,4600810809
prod_homecare_acreporting_reporting.factproviderhistory,1316,6,182921947
prod_homecare_actransactional_organization.contact,1222,16,189292158
prod_homecare_actransactional_organization.providercontact,1222,16,189292158
community_salesforce.user,1161,105,718367639
prod_ygl_apfm.zip_region,1008,56,2494849016
prod_ygl_apfm.region_use,1008,56,2494849016
prod_ygl_apfm.region,1008,56,2494849016
prod_homecare_actransactional_billing.accountstatusreasontype,942,10,1086999519
prod_homecare_insite_dbo.orderstatusreference,876,4,219576099
prod_homecare_insite_directory.hmcscreenoutcome,756,3,4301
prod_homecare_acreporting_reporting.dimscreeninginfo,755,3,1992
prod_homecare_actransactional_organization.contacttype,692,13,137088847
prod_homecare_actransactional_organization.providercontactcontacttype,692,13,137088847
prod_homecare_actransactional_billing.accountstatustype,648,36,1208812209
prod_homecare_actransactional_homecare.leadcarebudget,594,3,5338963590
prod_homecare_actransactional_organization.providerstatustype,544,8,233385943
community_salesforce.lead,503,3,11579050
prod_homecare_insite_directory.hmcrequestphonenumber,503,15,9458437340
community_salesforce.lead_history,501,3,106122672
prod_homecare_actransactional_homecare.addonreferral,483,2,132307229
prod_homecare_actransactional_recruitment.applicant,440,2,60485964
prod_homecare_acreporting_reporting.dimprovider,439,2,3810836419
prod_homecare_acreporting_reporting.dimhomecarelead,439,2,3810836419
prod_homecare_insite_directory.organization,436,2,219574161
prod_homecare_insite_directory.account,436,2,219574161
prod_homecare_insite_directory.leadorder,436,2,219574161
prod_homecare_actransactional_import.slleadnstf,292,3,2509527192
prod_homecare_actransactional_geo.timezone,253,6,5517310105
prod_homecare_actransactional_recruitment.lead,220,1,51465060
prod_homecare_acreporting_reporting.dimform,120,2,1109576994
prod_homecare_acreporting_reporting.dimhomecarescreeningoutcometype,120,2,1109576994
prod_homecare_acreporting_reporting.factreferralhistory,116,3,1517334831
prod_homecare_actransactional_homecare.referralendcarereasontype,116,3,1517334831
prod_homecare_actransactional_ordermanagement.orderstatussubreasontype,112,9,25528892
prod_homecare_actransactional_organization.pausereferralrequest,86,6,434758493
community_salesforce.opportunity_field_history,86,15,1018592
reporting.hcam_staffing,78,9,314002
prod_refined.gong_import_family_call,36,6,229788
prod_homecare_actransactional_organization.providerclientrequirement,32,2,512202
prod_homecare_actransactional_billing.otherchargetype,30,16,1326709
community_salesforce.task,27,4,1816970
community_salesforce.billing_c,17,13,111537
prod_hc1_insite_directory.hmclead,16,1,0
prod_hc1_insite_dbo.users,14,1,0
prod_hc1_acreporting_reporting.facthomecarerequestsummary,14,1,0
prod_hc1_acreporting_reporting.dimhomecarerequest,14,1,0
prod_hc1_acreporting_reporting.dimcustomeracquisition,14,1,0
prod_hc1_insite_directory.hmcrequest,14,1,0
prod_hc1_acreporting_reporting.dimcampaign,14,1,0
prod_hc1_acreporting_reporting.dimdate,14,1,0
prod_homecare_actransactional_homecare.referralreturnrequestresolutiontype,12,3,6055614
prod_homecare_insite_directory.hmcfollowupsurveyresult,9,6,36443124
prod_homecare_actransactional_billing.paymentstatustype,6,3,50927
prod_hc1_actransactional_ordermanagement.order,5,1,0
prod_hc1_actransactional_ordermanagement.orderstatustype,5,1,0
prod_hc1_actransactional_organization.providerorganization,5,1,0
prod_hc1_actransactional_billing.accountstatustype,5,1,0
prod_hc1_actransactional_organization.provider,5,1,0
prod_hc1_actransactional_billing.account,5,1,0
prod_hc1_actransactional_organization.providerstatustype,5,1,0
prod_hc1_actransactional_ordermanagement.orderprovider,5,1,0
