Date,AccountID,AccountName,orderid,OrderCreateDate,OrderStatus,OrderStatusReason,FirstSuspended,PrePaidAccounts,ExpectedCartRuns,FOMCardRuns,FOM_Successful_CardRuns,Total_Payment_Attempts,SuccessfulPayments,CurrentBalance,CancelledCase,Cancel_CaseCreateDate
2026-09-01,23154,Attentive Home Care LLC-,28457,2026-01-28,Suspended,InsufficientBalance,2026-09-01,1,1,1,0,1,0,0.00,0,
2026-09-01,24989,Tru Horizon Home Care LLC,30730,2026-06-01,Suspended,InsufficientBalance,2026-08-12,1,1,1,0,2,0,0.00,0,
2026-09-01,25532,"Avista Home Care, Inc",31418,2026-07-08,Suspended,InsufficientBalance,2026-08-01,1,1,2,0,4,0,58.00,0,
2026-09-01,16747,Absolutely Haven - Parent,29507,2026-03-25,Suspended,InsufficientBalance,2026-07-01,1,1,1,0,2,0,-46.00,0,
2026-09-01,23883,Successful Aging Care Parent,29364,2026-03-18,Suspended,InsufficientBalance,2026-08-01,1,1,1,0,2,0,-46.00,0,
2026-09-01,25642,Senior Golden Years Care And Activities,31595,2026-07-16,Suspended,InsufficientBalance,2026-08-21,1,1,1,0,2,0,0.00,0,
2026-09-01,23801,"EBZ Consulting, LLC",29260,2026-03-12,Suspended,InsufficientBalance,2026-08-01,1,1,1,0,2,0,0.00,0,
2026-09-01,24278,A & N Compassion Helpers,29851,2026-04-13,Suspended,InsufficientBalance,2026-06-18,1,1,1,0,1,0,0.00,0,
2026-09-01,25556,Consistent Care Homecare,31459,2026-07-10,Suspended,InsufficientBalance,2026-08-13,1,1,1,0,1,0,0.00,0,
2026-09-01,25574,Independent Home Care Agency,31483,2026-07-10,Suspended,InsufficientBalance,2026-08-01,1,1,1,0,2,0,0.00,0,
2026-09-01,23557,Guardian Angel LLC,28963,2026-02-25,Suspended,InsufficientBalance,2026-09-01,1,1,1,0,1,0,-23.00,0,
2026-09-01,24022,Alternative Care Solutions LLC,29541,2026-03-26,Suspended,InsufficientBalance,2026-09-01,1,1,1,0,2,0,0.00,0,
2026-09-01,25729,Full Spectrum Compassionate Care-In Home,31717,2026-07-23,Suspended,InsufficientBalance,2026-09-01,1,1,1,0,1,0,0.00,0,
2026-09-01,25237,RISE ABOVE ACADEMY INC,31028,2026-06-16,Suspended,InsufficientBalance,2026-08-01,1,1,2,0,4,0,58.00,0,
2026-09-01,25010,Wright Heart Home Care Services,30753,2026-06-02,Suspended,InsufficientBalance,2026-08-01,1,1,1,0,1,0,0.00,0,
2026-09-01,21427,Extended Family of Lowell LLC,31649,2026-07-21,Suspended,InsufficientBalance,2026-08-16,1,1,1,0,1,0,-11.00,0,
2026-09-01,11041,Ocean Care Agency LLC,31499,2026-07-13,Suspended,InsufficientBalance,2026-09-01,1,1,1,0,1,0,-58.00,0,
2026-09-01,25094,Pleasant Care Solutions LLC,30860,2026-06-05,Suspended,InsufficientBalance,2026-07-01,1,1,1,0,2,0,0.00,0,
2026-09-01,24020,Daily Living Specialists Home Care,29539,2026-03-26,Suspended,InsufficientBalance,2026-08-07,1,1,1,0,1,0,0.00,0,
2026-09-01,24105,Helping Handz South LLC,29634,2026-03-31,Suspended,InsufficientBalance,2026-09-01,1,1,1,0,2,0,0.00,0,
2026-09-01,25661,"His Mission Home Care, LLC",31617,2026-07-17,Suspended,InsufficientBalance,2026-08-04,1,1,1,0,2,0,0.00,0,
2026-09-01,25148,Serenity Direct Home Care,30923,2026-06-10,Suspended,InsufficientBalance,2026-09-01,1,1,1,0,2,0,0.00,0,
2026-09-01,23048,Boston Life-Care LLC,28309,2026-01-21,Suspended,InsufficientBalance,2026-08-12,1,1,1,0,2,0,0.00,0,
2026-09-01,9840,"Pavilion Medical Home Care & Staffing, LLC",30596,2026-05-22,Suspended,InsufficientBalance,2026-08-09,1,1,1,0,1,0,0.00,0,
2026-09-01,25640,Burn Bright Home Health Care,31589,2026-07-16,Suspended,InsufficientBalance,2026-08-08,1,1,1,0,1,0,0.00,0,
2026-09-01,8817,Next Door Home Care,31857,2026-07-31,Suspended,InsufficientBalance,2026-09-01,1,1,1,0,1,0,0.00,0,
2026-09-01,25398,Superstar Home Healthcare LLC,31244,2026-06-26,Suspended,InsufficientBalance,2026-08-01,1,1,1,0,1,0,0.00,0,
2026-09-01,25650,Pyramid Health and Wellness,31603,2026-07-17,Suspended,InsufficientBalance,2026-08-30,1,1,1,0,1,0,0.00,0,
2026-09-01,24695,Angelic Hearts Home Care Llc,30368,2026-05-11,Suspended,Account Suspended,2026-09-01,1,1,1,0,3,0,-232.00,0,
2026-09-01,13026,Ty's Homecare and Companion Service's LLC,31819,2026-07-29,Suspended,InsufficientBalance,2026-08-21,1,1,1,0,2,0,0.00,0,
2026-09-01,22875,Good People Home Care - new,28087,2026-01-07,Suspended,InsufficientBalance,2026-09-01,1,1,1,0,1,0,-46.00,0,
2026-09-01,25305,Wisconsin Comfort Care,31118,2026-06-22,Suspended,InsufficientBalance,2026-07-09,1,1,1,0,1,0,0.00,0,
2026-09-01,25131,Noah's Ark Home Care & Foundation LLC,30904,2026-06-09,Suspended,InsufficientBalance,2026-07-01,1,1,1,0,1,0,0.00,0,
2026-09-01,12254,Friends For Life HomeCare and Medicaid Consultants - Suffolk,31332,2026-07-01,Suspended,InsufficientBalance,2026-09-01,1,1,1,0,2,0,-11.00,0,
2026-09-01,24792,Golden Age Support 24/7,30480,2026-05-15,Suspended,InsufficientBalance,2026-07-07,1,1,1,0,2,0,0.00,0,
2026-09-01,25897,Carian Home Care,31945,2026-08-06,Suspended,InsufficientBalance,2026-09-01,1,1,1,0,2,0,0.00,0,
2026-09-01,17135,Sandy Lee Direct Care Agency,31041,2026-06-17,Suspended,InsufficientBalance,2026-07-22,1,1,1,0,2,0,0.00,0,
2026-09-01,25734,ABbas Touch Home Care,31722,2026-07-24,Suspended,InsufficientBalance,2026-09-01,1,1,1,0,2,0,0.00,0,
2026-09-01,23943,Four Seasons Healthcare Agency LLC,29446,2026-03-23,Suspended,InsufficientBalance,2026-07-01,1,1,1,0,2,0,-23.00,0,
2026-09-01,25626,Moes Gifted Hands LLC,31568,2026-07-15,Suspended,InsufficientBalance,2026-08-12,1,1,1,0,1,0,0.00,0,
2026-09-01,19195,Passion Calling,30309,2026-05-07,Suspended,InsufficientBalance,2026-08-03,1,1,1,0,1,0,0.00,0,
2026-09-01,24392,Warm Hearts Care,29985,2026-04-21,Suspended,InsufficientBalance,2026-09-05,1,1,2,0,2,0,-49.01,0,
2026-09-01,23210,Mothers Chest Care,28538,2026-02-02,Suspended,InsufficientBalance,2026-08-01,1,1,1,0,2,0,0.00,0,
2026-09-01,25281,Gentle Care Touch,31086,2026-06-18,Suspended,InsufficientBalance,2026-08-01,1,1,1,0,1,0,0.00,0,
2026-09-01,24916,Desert Bloom Companions LLC,30639,2026-05-26,Suspended,InsufficientBalance,2026-07-11,1,1,1,0,2,0,0.00,0,
2026-09-01,24358,Allied Home Care LLC,29931,2026-04-16,Suspended,InsufficientBalance,2026-09-01,1,1,5,0,5,0,0.00,0,
2026-09-01,24517,COMPANIONSHIP HOMEMAKER SERVICE,30183,2026-04-30,Suspended,InsufficientBalance,2026-07-20,1,1,1,0,1,0,0.00,0,
2026-09-01,24119,Love Living Well Home Health Care-,29649,2026-03-31,Suspended,InsufficientBalance,2026-08-12,1,1,1,0,2,0,0.00,0,
2026-09-01,25059,Serenity Bridge Home Care LLC,30810,2026-06-04,Suspended,InsufficientBalance,2026-09-01,1,1,1,0,1,0,0.00,0,
2026-09-01,25571,Hayes Home Healthcare LLC,31476,2026-07-10,Suspended,InsufficientBalance,2026-08-14,1,1,1,0,2,0,0.00,0,
2026-09-01,24838,Angel Care,30539,2026-05-20,Suspended,InsufficientBalance,2026-09-01,1,1,1,0,2,0,0.00,0,
2026-09-01,24380,P&J Homecare Services LLC,29972,2026-04-20,Suspended,InsufficientBalance,2026-06-22,1,1,1,0,2,0,0.00,0,
2026-09-01,25058,SIX7ONE8 LLC,30809,2026-06-04,Suspended,InsufficientBalance,2026-08-01,1,1,1,0,2,0,0.00,0,
2026-09-01,22460,EverCare Home Health,31463,2026-07-10,Suspended,InsufficientBalance,2026-08-15,1,1,1,0,2,0,0.00,0,
2026-09-01,25290,Northwoods Home Health LLC,31097,2026-06-19,Suspended,InsufficientBalance,2026-07-10,1,1,1,0,1,0,0.00,0,
2026-09-01,22771,Shalon's Caring Hands,30493,2026-05-18,Suspended,Account Suspended,2026-09-01,1,1,1,0,1,0,-522.00,0,
2026-09-01,8642,Ease In the Home Care,29454,2026-03-23,Suspended,Account Suspended,2026-09-01,1,1,1,0,2,0,-116.00,0,
2026-09-01,22993,DHC Noble Care,31010,2026-06-15,Suspended,InsufficientBalance,2026-08-20,1,1,1,0,1,0,0.00,0,
2026-09-01,24988,Hands Out Of Love Home Health,30729,2026-06-01,Suspended,InsufficientBalance,2026-08-19,1,1,1,0,1,0,0.00,0,
2026-09-01,24819,Precious Hands And Hearts Home Care LLC,30517,2026-05-19,Suspended,InsufficientBalance,2026-09-01,1,1,1,0,2,0,0.00,0,
2026-09-01,25065,Believers Home Health Care LLC,30817,2026-06-04,Suspended,InsufficientBalance,2026-09-01,1,1,1,0,1,0,0.00,0,
2026-09-01,23289,Uprise Care LLC,28627,2026-02-05,Suspended,Account Suspended,2026-09-01,1,1,1,0,1,0,-58.00,0,
2026-09-01,24358,Allied Home Care LLC,31453,2026-07-09,Suspended,InsufficientBalance,2026-09-01,1,1,5,0,5,0,0.00,0,
2026-09-01,25762,Dharma Home Care,31755,2026-07-27,Suspended,Account Suspended,2026-09-01,1,1,1,0,1,0,-58.00,0,
2026-09-01,20090,Trusting Hand LLC,30642,2026-05-26,Suspended,InsufficientBalance,2026-07-08,1,1,1,0,2,0,0.00,0,
2026-09-01,23145,"Eden Home Cares, LLC",28445,2026-01-28,Suspended,Account Suspended,2026-09-01,1,1,1,0,2,0,-232.00,0,
2026-09-01,3028,"Care For All Homecare, LLC - Atlanta, GA",28292,2026-01-20,Suspended,InsufficientBalance,2026-08-10,1,1,1,0,2,0,0.00,0,
2026-09-01,22993,DHC Noble Care,28240,2026-01-15,Cancelled,Agency Reasons,2026-06-17,1,1,1,0,1,0,0.00,1,2026-04-10
2026-09-01,24358,Allied Home Care LLC,31454,2026-07-09,Suspended,InsufficientBalance,2026-09-01,1,1,5,0,5,0,0.00,0,
2026-09-01,25145,Best In Town Home Care Services LLC,30919,2026-06-10,Cancelled,Lead Quality,2026-07-29,1,1,0,0,1,1,-580.00,1,2026-06-25
2026-09-01,9648,"Senior Services Options - Belton, MO",30837,2026-06-05,Suspended,InsufficientBalance,2026-09-01,1,1,1,0,2,0,0.00,0,
2026-09-01,25311,Nelson's Private Care1,31121,2026-06-22,Suspended,InsufficientBalance,2026-07-09,1,1,1,0,2,0,0.00,0,
2026-09-01,25088,Lead Healthcare Services LLC,30850,2026-06-05,Suspended,InsufficientBalance,2026-09-01,1,1,1,0,1,0,0.00,0,
2026-09-01,24802,Martell & Company Home Care And Assistance,30497,2026-05-18,Suspended,InsufficientBalance,2026-09-01,1,1,1,0,1,0,0.00,0,
2026-09-01,25322,Alrene Caring LLC,31135,2026-06-22,Suspended,InsufficientBalance,2026-08-14,1,1,1,0,1,0,-23.00,0,
2026-09-01,25445,Ida Mae Homecare Services,31302,2026-06-30,Suspended,InsufficientBalance,2026-08-12,1,1,1,0,2,0,0.00,0,
2026-09-01,25471,Ahavah Care At Home LLC,31334,2026-07-01,Suspended,InsufficientBalance,2026-08-05,1,1,1,0,1,0,0.00,0,
2026-09-01,25522,Agape Senior Care Services LLC,31408,2026-07-08,Suspended,InsufficientBalance,2026-09-01,1,1,1,0,2,0,0.00,0,
2026-09-01,19996,"Halcyon Home Care, LLC",31060,2026-06-18,Suspended,InsufficientBalance,2026-09-01,1,1,1,0,1,0,0.00,0,
2026-09-01,25873,Comforting Ark Agency LLC,31906,2026-08-05,Suspended,InsufficientBalance,2026-09-01,1,1,1,0,2,0,0.00,0,
2026-09-01,23169,Cousinz Home Health,30785,2026-06-03,Suspended,InsufficientBalance,2026-08-13,1,1,1,0,1,0,-23.00,0,
2026-09-01,25427,Transformed To Inspire LLC,31277,2026-06-29,Suspended,InsufficientBalance,2026-08-14,1,1,1,0,2,0,0.00,0,
2026-09-01,24463,Sally Home Care LLC,30080,2026-04-27,Suspended,Account Suspended,2026-09-01,1,1,1,0,1,0,-81.00,0,
2026-09-01,9463,A & N Healing Hearts Inc,30349,2026-05-11,Suspended,Account Suspended,2026-09-01,1,1,1,0,2,0,-58.00,0,
2026-09-01,13489,Life and Abundance Ent. LLC,29871,2026-04-14,Suspended,InsufficientBalance,2026-08-01,1,1,1,0,2,0,0.00,0,
2026-09-01,25350,Minnesota Caregiver Services,31173,2026-06-24,Suspended,InsufficientBalance,2026-07-09,1,1,1,0,1,0,0.00,0,
2026-09-01,24514,"Rafael Residential Service Agency, LLC",30142,2026-04-29,Suspended,InsufficientBalance,2026-06-28,1,1,1,0,2,0,0.00,0,
2026-09-01,25174,"Jolly Homecare, LLC",30953,2026-06-11,Suspended,Account Suspended,2026-09-01,1,1,1,0,1,0,-232.00,0,
2026-09-01,21249,PrimeCare Providers LLC,31673,2026-07-22,Suspended,InsufficientBalance,2026-08-14,1,1,1,0,2,0,0.00,0,
2026-09-01,25141,Expert Care,30913,2026-06-10,Suspended,Account Suspended,2026-09-01,1,1,1,0,1,0,-58.00,0,
2026-09-01,24012,Able Homecare Services LLC (Florida),29531,2026-03-25,Suspended,InsufficientBalance,2026-07-01,1,1,1,0,2,0,0.00,0,
2026-09-01,24358,Allied Home Care LLC,31451,2026-07-09,Suspended,InsufficientBalance,2026-09-01,1,1,5,0,5,0,0.00,0,
2026-09-01,22950,Integral Home Health,28184,2026-01-13,Suspended,InsufficientBalance,2026-08-23,1,1,1,0,2,0,0.00,0,
2026-09-01,24839,Harmony Haven Companion Care LLC,30540,2026-05-20,Suspended,InsufficientBalance,2026-06-14,1,1,1,0,1,0,0.00,0,
2026-09-01,14955,"Path to Recovery, LLC",31733,2026-07-24,Suspended,InsufficientBalance,2026-08-14,1,1,1,0,2,0,0.00,0,
2026-09-01,23767,Dream Living Support Services,29220,2026-03-10,Suspended,InsufficientBalance,2026-08-01,1,1,1,0,2,0,-35.00,0,
2026-09-01,24967,Compassionate Helping Hands Home Care LLC,30699,2026-05-28,Active,,2026-08-30,1,1,0,0,1,1,-580.00,1,2026-07-13
2026-09-01,24032,Agy Home Care,29551,2026-03-26,Suspended,InsufficientBalance,2026-06-24,1,1,1,0,1,0,-23.00,0,
2026-09-01,25436,Priority Caregivers of Atlanta,31289,2026-06-30,Suspended,InsufficientBalance,2026-08-01,1,1,1,0,1,0,0.00,0,
2026-09-01,23393,"The Given Hour In-Home Care, LLC",28767,2026-02-13,Suspended,InsufficientBalance,2026-08-11,1,1,1,0,2,0,0.00,0,
2026-09-01,25553,Emerald Home Health LLC,31447,2026-07-09,Suspended,InsufficientBalance,2026-09-02,1,1,1,0,2,0,0.00,0,
2026-09-01,24833,"Mcleod Loving Care - Sumter, SC",30532,2026-05-19,Suspended,InsufficientBalance,2026-07-05,1,1,1,0,1,0,0.00,0,
2026-09-01,25087,SafeHaven Home Care Services,30852,2026-06-05,Suspended,InsufficientBalance,2026-09-01,1,1,1,0,1,0,15.04,0,
2026-09-01,18950,Osmeg Care Inc,28748,2026-02-11,Suspended,InsufficientBalance,2026-08-01,1,1,1,0,1,0,0.00,0,
2026-09-01,23167,Warm Heart Caring LLC,28473,2026-01-29,Suspended,InsufficientBalance,2026-08-01,1,1,1,0,2,0,0.00,0,
2026-09-01,25572,Chance Chasers Homecare LLC,31478,2026-07-10,Suspended,InsufficientBalance,2026-08-11,1,1,1,0,1,0,0.00,0,
2026-09-01,24602,Aniyas Heart Home Care,30263,2026-05-05,Suspended,InsufficientBalance,2026-08-11,1,1,1,0,1,0,0.00,0,
2026-09-01,24333,Essential Elevations,29916,2026-04-16,Suspended,InsufficientBalance,2026-07-14,1,1,1,0,1,0,0.00,0,
2026-09-01,22072,Zebra Care LLC,30050,2026-04-23,Suspended,InsufficientBalance,2026-07-01,1,1,1,0,1,0,0.00,0,
2026-09-01,23235,"North Florida Adult Training Center, LLC ",28837,2026-02-18,Suspended,InsufficientBalance,2026-07-10,1,1,1,0,2,0,0.00,0,
2026-09-01,15419,"Royal Treatment Health Care Services, Inc - MD",31165,2026-06-23,Suspended,InsufficientBalance,2026-09-01,1,1,1,0,1,0,0.00,0,
2026-09-01,23838,SERENITY HOME HEALTH & CAREGIVER SERVICE LLC,29309,2026-03-16,Suspended,InsufficientBalance,2026-07-01,1,1,1,0,2,0,0.00,0,
2026-09-01,24925,Mujang's Care,30651,2026-05-27,Suspended,InsufficientBalance,2026-09-01,1,1,1,0,1,0,-23.00,0,
2026-09-01,24320,Independent Kareblazers LLC,29901,2026-04-15,Suspended,InsufficientBalance,2026-09-01,1,1,1,0,2,0,-23.00,0,
2026-09-01,25468,Kandrea Health LLC,31330,2026-07-01,Suspended,InsufficientBalance,2026-08-17,1,1,1,0,2,0,-58.00,0,
2026-09-01,24726,Goodwill Foundation INC.,30414,2026-05-13,Suspended,InsufficientBalance,2026-07-17,1,1,1,0,2,0,0.00,0,
2026-09-01,23259,QUALITY HOME HEALTH CARE SERVICES,28594,2026-02-04,Suspended,InsufficientBalance,2026-09-01,1,1,1,0,2,0,-23.00,0,
2026-09-01,24413,Archangels Personal Care LLC,30012,2026-04-22,Suspended,InsufficientBalance,2026-08-01,1,1,1,0,1,0,0.00,0,
2026-09-01,12941,The Right Choice Senior Services LLC (Parent),29847,2026-04-13,Suspended,InsufficientBalance,2026-09-01,1,1,1,0,1,0,0.00,0,
2026-09-01,24953,Jevi Home Care LLC,30681,2026-05-28,Suspended,InsufficientBalance,2026-08-20,1,1,1,0,1,0,0.00,0,
2026-09-01,24147,C.A.R.E AGENCY LLC,29684,2026-04-02,Suspended,InsufficientBalance,2026-09-01,1,1,1,0,1,0,0.00,0,
2026-09-01,23605,VLAD HOME CARE SOLUTIONS LLC,29032,2026-02-27,Suspended,InsufficientBalance,2026-07-01,1,1,1,0,2,0,0.00,0,
2026-09-01,24692,JLT Divine Home Care Services,30365,2026-05-11,Suspended,InsufficientBalance,2026-07-15,1,1,1,0,2,0,0.00,0,
2026-09-01,23949,"Care4u Living Services, LLC",29456,2026-03-23,Suspended,InsufficientBalance,2026-09-01,1,1,1,0,1,0,0.00,0,
2026-09-01,23128,Positioned By Grace LLC,28421,2026-01-27,Suspended,InsufficientBalance,2026-09-01,1,1,1,0,2,0,0.00,0,
2026-09-01,24845,ZoeCare Home Care Services,30548,2026-05-20,Suspended,InsufficientBalance,2026-09-01,1,1,1,0,2,0,0.00,0,
2026-09-01,25173,"A Nurse Angels Home Health, Inc of Arlington, TX",30952,2026-06-11,Suspended,Account Suspended,2026-09-01,1,1,1,0,2,0,-232.00,0,
2026-09-01,25492,F.A.B. Home Care Services,31366,2026-07-06,Suspended,InsufficientBalance,2026-08-01,1,1,1,0,2,0,0.00,0,
2026-09-01,24933,Angelic Hearts Home Care,30661,2026-05-27,Suspended,InsufficientBalance,2026-08-26,1,1,1,0,2,0,0.00,0,
2026-09-01,9548,"Dorothy Jean Comprehensive Nursing Community, LLC",30094,2026-04-27,Suspended,InsufficientBalance,2026-07-01,1,1,1,0,1,0,0.00,0,
2026-09-01,25829,Emmanuel Home Care Agency LLC,31846,2026-07-31,Suspended,Account Suspended,2026-09-01,1,1,1,0,1,0,-174.00,0,
2026-09-01,10263,Hajmoud Homecare Health Agency LLC,28053,2026-01-06,Suspended,InsufficientBalance,2026-07-01,1,1,1,0,2,0,0.00,0,
2026-09-01,25667,Faith Bridge Home Care Services LLC,31624,2026-07-20,Suspended,InsufficientBalance,2026-08-01,1,1,1,0,1,0,0.00,0,
2026-09-01,25328,Supportive Steps Living LLC,31141,2026-06-22,Suspended,InsufficientBalance,2026-09-01,1,1,1,0,1,0,0.00,0,
2026-09-01,16166,Grace Home Care,29747,2026-04-07,Suspended,InsufficientBalance,2026-08-01,1,1,1,0,1,0,-23.00,0,
2026-09-01,23372,I Care 4 Your Care LLC,28741,2026-02-11,Suspended,InsufficientBalance,2026-08-01,1,1,1,0,1,0,0.00,0,
2026-09-01,25869,"Compassionate Angels Home Care Services,",31901,2026-08-04,Suspended,InsufficientBalance,2026-09-01,1,1,1,0,1,0,0.00,0,
2026-09-01,24383,Abundant Hearts Homecare,29976,2026-04-21,Suspended,InsufficientBalance,2026-06-14,1,1,1,0,1,0,0.00,0,
2026-09-01,25577,Luxury Manor Home Care,31488,2026-07-13,Suspended,InsufficientBalance,2026-08-11,1,1,1,0,1,0,0.00,0,
2026-09-01,23867,Happy to Help Caregiving - Pocatello ID,29343,2026-03-17,Suspended,InsufficientBalance,2026-06-15,1,1,1,0,1,0,0.00,0,
2026-09-01,25333,Care Coverage Healthcare Staffing LLC,31150,2026-06-23,Suspended,InsufficientBalance,2026-08-04,1,1,1,0,2,0,0.00,0,
2026-09-01,25245,No Better Love LLC,31042,2026-06-17,Suspended,InsufficientBalance,2026-07-10,1,1,1,0,2,0,0.00,0,
2026-09-01,20678,Perfect Homecare LLC,31068,2026-06-18,Suspended,InsufficientBalance,2026-08-01,1,1,1,0,2,0,0.00,0,
2026-09-01,5813,"Care Given at Home - West Hartford, CT",29690,2026-04-02,Suspended,InsufficientBalance,2026-09-01,1,1,2,0,4,0,35.00,0,
2026-09-01,25786,My Choice Senior Care,31792,2026-07-28,Suspended,InsufficientBalance,2026-08-06,1,1,1,0,2,0,0.00,0,
2026-09-01,24658,We Care 4 You Independent living LLC,30324,2026-05-08,Suspended,InsufficientBalance,2026-09-01,1,1,1,0,2,0,0.00,0,
2026-09-01,6823,1 A A Premier Home Care,31009,2026-06-15,Suspended,InsufficientBalance,2026-09-01,1,1,1,0,2,0,0.00,0,
2026-09-01,24872,T-Trans Home Health LLC,30581,2026-05-21,Suspended,InsufficientBalance,2026-07-28,1,1,1,0,1,0,0.00,0,
2026-09-01,25715,Good Heart Care Agency LLC,31696,2026-07-23,Suspended,InsufficientBalance,2026-09-01,1,1,1,0,2,0,0.00,0,
2026-09-01,24358,Allied Home Care LLC,31452,2026-07-09,Suspended,InsufficientBalance,2026-09-01,1,1,5,0,5,0,0.00,0,
2026-09-01,20101,"Shalom Homecare Solutions, LLC",32037,2026-08-13,Suspended,Account Suspended,2026-09-01,1,1,1,0,1,0,-116.00,0,
2026-09-01,25166,Aonesty Home Health Care LLC,30945,2026-06-11,Suspended,InsufficientBalance,2026-07-21,1,1,1,0,1,0,0.00,0,
2026-09-01,24289,LIIMU CARE FOUNDATION LLC,29868,2026-04-14,Suspended,InsufficientBalance,2026-08-18,1,1,1,0,2,0,0.00,0,
2026-09-01,16300,Stark Youth Technology Center Co.,31111,2026-06-22,Suspended,InsufficientBalance,2026-06-28,1,1,1,0,2,0,0.00,0,
2026-09-01,24666,ANUME HOME CARE LLC,30336,2026-05-08,Suspended,InsufficientBalance,2026-09-01,1,1,1,0,1,0,0.00,0,
2026-09-01,25324,"Compassionate Concierge Care, LLC",31137,2026-06-22,Suspended,InsufficientBalance,2026-08-09,1,1,1,0,2,0,0.00,0,
2026-09-01,25342,"Kilmanjaro Home Care, LLC",31159,2026-06-23,Suspended,InsufficientBalance,2026-09-08,1,1,1,0,1,0,0.00,0,
2026-09-01,23215,"THE WRIGHT HANDS CONNECTION, LLC",28547,2026-02-02,Suspended,InsufficientBalance,2026-09-08,1,1,1,0,1,0,0.00,0,
2026-09-01,25145,Best In Town Home Care Services LLC,30919,2026-06-10,Cancelled,Lead Quality,2026-07-29,1,1,0,0,1,1,-580.00,1,2026-08-28
